Time,SessionTime,Date,Distance,X,Y,Speed,RPM,nGear,Throttle,Brake,DRS,Source
0 days 00:00:00,0 days 00:52:40.077000,2024-08-31 14:41:37.846,0.0,-1373.6920488346755,-678.5894695613653,321.7178578285714,11422.142939428571,8,100.0,False,8,interpolation
0 days 00:00:00.042000,0 days 00:52:40.119000,2024-08-31 14:41:37.888,3.755125002666667,-1371.0,-645.0,321.86785737142856,11440.142884571429,8,100.0,False,8,pos
0 days 00:00:00.079000,0 days 00:52:40.156000,2024-08-31 14:41:37.925,7.064569447111111,-1368.5074576119991,-613.7749273500212,322.0,11456.0,8,100.0,False,14,car
0 days 00:00:00.222000,0 days 00:52:40.299000,2024-08-31 14:41:38.068,19.926128506666668,-1358.0,-484.0,323.7875008,11455.4041664,8,100.0,False,14,pos
0 days 00:00:00.319000,0 days 00:52:40.396000,2024-08-31 14:41:38.165,28.683072951111114,-1350.4251753430035,-397.24233117867516,325.0,11455.0,8,100.0,False,12,car
0 days 00:00:00.562000,0 days 00:52:40.639000,2024-08-31 14:41:38.408,50.73240820783839,-1330.0,-177.0,326.65681861818183,11521.8250176,8,100.0,False,12,pos
0 days 00:00:00.759000,0 days 00:52:40.836000,2024-08-31 14:41:38.605,68.68129709672728,-1312.3964707262073,19.722810341178572,328.0,11576.0,8,100.0,False,12,car
0 days 00:00:00.802000,0 days 00:52:40.879000,2024-08-31 14:41:38.648,72.60553539864114,-1309.0,58.0,328.54088109046296,11578.974845997547,8,100.0,False,12,pos
0 days 00:00:00.918000,0 days 00:52:40.995000,2024-08-31 14:41:38.764,83.23886873197446,-1301.1219614492497,146.90941121927125,330.0,11587.0,8,100.0,False,12,car
0 days 00:00:01.022000,0 days 00:52:41.099000,2024-08-31 14:41:38.868,92.7722020653078,-1293.0,240.0,330.0,11654.6,8,100.0,False,12,pos
0 days 00:00:01.078000,0 days 00:52:41.155000,2024-08-31 14:41:38.924,97.90553539864113,-1287.2719534880687,306.4152484006522,330.0,11691.0,8,100.0,False,12,car
0 days 00:00:01.278000,0 days 00:52:41.355000,2024-08-31 14:41:39.124,116.29442428753002,-1262.5907047520318,594.7465608580351,331.0,11699.0,8,100.0,False,12,car
0 days 00:00:01.302000,0 days 00:52:41.379000,2024-08-31 14:41:39.148,118.50209095419669,-1260.0,625.0,331.15,11709.2,8,100.0,False,12,pos
0 days 00:00:01.438000,0 days 00:52:41.515000,2024-08-31 14:41:39.284,131.0443131764189,-1247.7169840289089,768.1596060766992,332.0,11767.0,8,100.0,False,12,car
0 days 00:00:01.838000,0 days 00:52:41.915000,2024-08-31 14:41:39.684,168.15542428753002,-1225.2489304660087,1027.14430634814,334.0,11827.0,8,100.0,False,12,car
0 days 00:00:01.842000,0 days 00:52:41.919000,2024-08-31 14:41:39.688,168.52655762086337,-1225.0,1030.0,334.02,11826.86,8,100.0,False,12,pos
0 days 00:00:02.038000,0 days 00:52:42.115000,2024-08-31 14:41:39.884,186.76544650975222,-1211.6192257615157,1183.4098358869114,335.0,11820.0,8,100.0,False,12,car
0 days 00:00:02.183000,0 days 00:52:42.260000,2024-08-31 14:41:40.029,200.27936019102208,-1201.0,1308.0,335.5178569142857,11831.392852114286,8,100.0,False,12,pos
0 days 00:00:02.318000,0 days 00:52:42.395000,2024-08-31 14:41:40.164,212.8793601910221,-1190.8582265392574,1430.3385116283657,336.0,11842.0,8,100.0,False,12,car
0 days 00:00:02.363000,0 days 00:52:42.440000,2024-08-31 14:41:40.209,217.08170393768876,-1187.0,1476.0,336.1874997333333,11864.124968533333,8,100.0,False,12,pos
0 days 00:00:02.558000,0 days 00:52:42.635000,2024-08-31 14:41:40.404,235.33587060435542,-1166.997391734428,1705.0491756315184,337.0,11960.0,8,100.0,False,12,car
0 days 00:00:02.623000,0 days 00:52:42.700000,2024-08-31 14:41:40.469,241.423852854232,-1161.0,1774.0,337.18055537777775,11943.750016,8,100.0,False,12,pos
0 days 00:00:02.918000,0 days 00:52:42.995000,2024-08-31 14:41:40.764,269.1210750764542,-1142.123038902317,1998.871411301467,338.0,11870.0,8,100.0,False,12,car
0 days 00:00:02.963000,0 days 00:52:43.040000,2024-08-31 14:41:40.809,273.3480840021685,-1139.0,2035.0,338.16071405714285,11870.0,8,100.0,False,12,pos
0 days 00:00:03.198000,0 days 00:52:43.275000,2024-08-31 14:41:41.044,295.47725066883515,-1119.515787050487,2255.6795357800634,339.0,11870.0,8,100.0,False,12,car
0 days 00:00:03.243000,0 days 00:52:43.320000,2024-08-31 14:41:41.089,299.7163131666129,-1116.0,2298.0,339.1249998222222,11882.749981866667,8,100.0,False,12,pos
0 days 00:00:03.283000,0 days 00:52:43.360000,2024-08-31 14:41:41.129,303.4856032880944,-1113.0,2335.0,339.23611093333335,11894.0833152,8,100.0,False,12,pos
0 days 00:00:03.523000,0 days 00:52:43.600000,2024-08-31 14:41:41.369,326.14578846142774,-1092.0,2570.0,339.9027776,11962.0833152,8,100.0,False,12,pos
0 days 00:00:03.558000,0 days 00:52:43.635000,2024-08-31 14:41:41.404,329.4513440169833,-1089.0886916439258,2603.599726320996,340.0,11972.0,8,100.0,False,12,car
0 days 00:00:03.763000,0 days 00:52:43.840000,2024-08-31 14:41:41.609,348.83677514364996,-1073.0,2796.0,340.4270832,11967.729168,8,100.0,False,12,pos
0 days 00:00:03.943000,0 days 00:52:44.020000,2024-08-31 14:41:41.789,365.87687930364996,-1058.0,2966.0,340.8020832,11963.979168,8,100.0,False,12,pos
0 days 00:00:04.038000,0 days 00:52:44.115000,2024-08-31 14:41:41.884,374.8754904147611,-1051.5292112511256,3043.464783991436,341.0,11962.0,8,100.0,False,12,car
0 days 00:00:04.223000,0 days 00:52:44.300000,2024-08-31 14:41:42.069,392.4207082103166,-1036.0,3230.0,341.4204544,12028.0113408,8,100.0,False,12,pos
0 days 00:00:04.403000,0 days 00:52:44.480000,2024-08-31 14:41:42.249,409.5121854757711,-1009.0,3534.0,341.8295453090909,12092.238613527272,8,100.0,False,12,pos
0 days 00:00:04.478000,0 days 00:52:44.555000,2024-08-31 14:41:42.324,416.6371854757711,-1002.4552609392492,3609.491939819971,342.0,12119.0,8,100.0,False,12,car
0 days 00:00:04.723000,0 days 00:52:44.800000,2024-08-31 14:41:42.569,440.0163955179933,-995.0,3705.0,343.5312496,12203.9843528,8,100.0,False,12,pos
0 days 00:00:04.798000,0 days 00:52:44.875000,2024-08-31 14:41:42.644,447.18306218466,-989.348984988311,3769.9423111283786,344.0,12230.0,8,100.0,False,12,car
0 days 00:00:04.903000,0 days 00:52:44.980000,2024-08-31 14:41:42.749,457.23170800865995,-980.0,3876.0,344.52499968,12157.55004416,8,100.0,False,12,pos
0 days 00:00:04.998000,0 days 00:52:45.075000,2024-08-31 14:41:42.844,466.3358746753267,-972.9477269579315,3956.6472767352534,345.0,12092.0,8,100.0,False,12,car
0 days 00:00:05.278000,0 days 00:52:45.355000,2024-08-31 14:41:43.124,493.24698578643773,-950.5221447234077,4217.8996570843665,346.0,12121.0,8,100.0,False,12,car
0 days 00:00:05.303000,0 days 00:52:45.380000,2024-08-31 14:41:43.149,495.64976356421556,-947.0,4259.0,346.0,12139.478220910598,8,100.0,False,12,pos
0 days 00:00:05.439000,0 days 00:52:45.516000,2024-08-31 14:41:43.285,508.7208746753267,-924.6003345569729,4520.033607500394,346.0,12240.0,8,100.0,False,12,car
0 days 00:00:05.443000,0 days 00:52:45.520000,2024-08-31 14:41:43.289,509.1053191197711,-924.0,4527.0,346.0,12240.0,8,100.0,False,12,pos
0 days 00:00:05.599000,0 days 00:52:45.676000,2024-08-31 14:41:43.445,524.0986524531045,-906.1749090492997,4731.7895911009955,346.0,12240.0,8,100.0,False,12,car
0 days 00:00:05.759000,0 days 00:52:45.836000,2024-08-31 14:41:43.605,539.5208746753267,-895.8536938113141,4847.346132128197,347.0,12240.0,8,100.0,False,12,car
0 days 00:00:05.823000,0 days 00:52:45.900000,2024-08-31 14:41:43.669,545.6897635642156,-892.0,4891.0,347.0,12245.6,8,100.0,False,12,pos
0 days 00:00:05.999000,0 days 00:52:46.076000,2024-08-31 14:41:43.845,562.6542080086599,-881.9237993072838,5007.000666178177,347.0,12261.0,8,100.0,False,12,car
0 days 00:00:06.159000,0 days 00:52:46.236000,2024-08-31 14:41:44.005,578.0764302308821,-873.0427828276888,5111.395746710455,347.0,12250.0,8,100.0,False,12,car
0 days 00:00:06.302000,0 days 00:52:46.379000,2024-08-31 14:41:44.148,591.8758198984376,-864.0,5218.0,347.3972224,12227.7555456,8,100.0,False,12,pos
0 days 00:00:06.519000,0 days 00:52:46.596000,2024-08-31 14:41:44.365,612.8524865651043,-846.3356568374631,5426.0595798176255,348.0,12194.0,8,100.0,False,12,car
0 days 00:00:06.522000,0 days 00:52:46.599000,2024-08-31 14:41:44.368,613.1424796205117,-846.0,5430.0,347.9916664888889,12194.266672355556,8,100.0,False,12,pos
0 days 00:00:06.702000,0 days 00:52:46.779000,2024-08-31 14:41:44.548,630.5170629449561,-823.0,5699.0,347.4916664888889,12210.266672355556,8,100.0,False,12,pos
0 days 00:00:06.879000,0 days 00:52:46.956000,2024-08-31 14:41:44.725,647.5778962782895,-809.2430888240224,5855.97272606639,347.0,12226.0,8,100.0,False,12,car
0 days 00:00:07.102000,0 days 00:52:47.179000,2024-08-31 14:41:44.948,669.0726185005118,-798.0,5987.0,347.0,12206.8857088,8,100.0,False,12,pos
0 days 00:00:07.159000,0 days 00:52:47.236000,2024-08-31 14:41:45.005,674.5667851671784,-793.944121859314,6037.424064788873,347.0,12202.0,8,100.0,False,12,car
0 days 00:00:07.282000,0 days 00:52:47.359000,2024-08-31 14:41:45.128,686.4109448833266,-784.0,6160.0,346.65833315555557,12180.133321955556,8,100.0,False,12,pos
0 days 00:00:07.482000,0 days 00:52:47.559000,2024-08-31 14:41:45.328,705.6388769722155,-766.0,6364.0,346.1027776,12144.5777664,8,100.0,False,12,pos
0 days 00:00:07.519000,0 days 00:52:47.596000,2024-08-31 14:41:45.365,709.1949880833266,-762.0147359576546,6410.188774639677,346.0,12138.0,8,100.0,False,12,car
0 days 00:00:07.678000,0 days 00:52:47.755000,2024-08-31 14:41:45.524,724.4766547499933,-743.1609065901744,6634.30709849226,346.0,12201.0,8,100.0,False,14,car
0 days 00:00:07.742000,0 days 00:52:47.819000,2024-08-31 14:41:45.588,730.6277658611044,-737.0,6708.0,346.0,12174.066666666668,8,100.0,False,14,pos
0 days 00:00:07.918000,0 days 00:52:47.995000,2024-08-31 14:41:45.764,747.54332141666,-726.5788974098738,6832.340602030154,346.0,12100.0,8,100.0,False,10,car
0 days 00:00:08.022000,0 days 00:52:48.099000,2024-08-31 14:41:45.868,757.4554201820921,-721.0,6899.0,343.1111111111111,11907.022222222222,8,71.11111111111111,False,10,pos
0 days 00:00:08.278000,0 days 00:52:48.355000,2024-08-31 14:41:46.124,781.3487535154254,-701.1233100989064,7138.191042134307,336.0,11432.0,8,0.0,True,8,car
0 days 00:00:08.302000,0 days 00:52:48.379000,2024-08-31 14:41:46.148,783.5557535154253,-699.0,7164.0,331.05,11325.35,8,0.0,True,8,pos
0 days 00:00:08.438000,0 days 00:52:48.515000,2024-08-31 14:41:46.284,795.002420182092,-686.413346532074,7318.020952781926,303.0,10721.0,8,0.0,True,8,car
0 days 00:00:08.603000,0 days 00:52:48.680000,2024-08-31 14:41:46.449,807.6042956807586,-673.0,7483.0,274.95001088,10398.42512512,8,0.0,True,8,pos
0 days 00:00:08.638000,0 days 00:52:48.715000,2024-08-31 14:41:46.484,810.2195734585364,-670.9353349587424,7508.328993165169,269.0,10330.0,8,0.0,True,8,car
0 days 00:00:08.918000,0 days 00:52:48.995000,2024-08-31 14:41:46.764,827.3306845696475,-660.9856870571596,7628.414620252874,220.0,10124.0,8,0.0,True,8,car
0 days 00:00:08.943000,0 days 00:52:49.020000,2024-08-31 14:41:46.789,828.836761014092,-660.0,7640.0,216.875008,10141.87495424,8,0.0,True,8,pos
0 days 00:00:09.118000,0 days 00:52:49.195000,2024-08-31 14:41:46.964,838.3159276807587,-651.458172988738,7737.579527645228,195.0,10267.0,8,0.0,True,8,car
0 days 00:00:09.143000,0 days 00:52:49.220000,2024-08-31 14:41:46.989,839.6558334712349,-650.0,7753.0,192.94643382857143,10360.303332571428,8,0.0,True,8,pos
0 days 00:00:09.398000,0 days 00:52:49.475000,2024-08-31 14:41:47.244,851.8391668045682,-633.340534451321,7909.948082338684,172.0,11312.0,8,0.0,True,8,car
0 days 00:00:09.423000,0 days 00:52:49.500000,2024-08-31 14:41:47.269,853.0119099156793,-632.0,7921.0,168.875008,11350.541568,8,0.0,True,8,pos
0 days 00:00:09.638000,0 days 00:52:49.715000,2024-08-31 14:41:47.484,861.4924654712348,-622.2970637832302,7982.5148658499365,142.0,11682.0,7,0.0,True,8,car
0 days 00:00:09.643000,0 days 00:52:49.720000,2024-08-31 14:41:47.489,861.689236310346,-622.0,7984.0,141.67500416,11657.76281024,7,0.0,True,8,pos
0 days 00:00:09.843000,0 days 00:52:49.920000,2024-08-31 14:41:47.689,868.8378476525683,-606.0,8054.0,128.67500416000001,10688.26281024,7,0.0,True,8,pos
0 days 00:00:10.038000,0 days 00:52:50.115000,2024-08-31 14:41:47.884,875.1211809859016,-585.224226106813,8116.606451557963,116.0,9743.0,3,0.0,True,8,car
0 days 00:00:10.223000,0 days 00:52:50.300000,2024-08-31 14:41:48.069,880.6307123921238,-562.0,8166.0,107.21250304,9121.40021504,3,0.0,True,8,pos
0 days 00:00:10.323000,0 days 00:52:50.400000,2024-08-31 14:41:48.169,883.4768930321237,-548.0,8189.0,102.46250304,8785.40021504,3,0.0,True,8,pos
0 days 00:00:10.438000,0 days 00:52:50.515000,2024-08-31 14:41:48.284,886.5755041432349,-528.2272110347013,8215.536630762888,97.0,8399.0,2,0.0,True,8,car
0 days 00:00:10.643000,0 days 00:52:50.720000,2024-08-31 14:41:48.489,891.8072750676793,-488.0,8258.0,91.8750016,8049.0358235428575,2,0.0,True,8,pos
0 days 00:00:10.718000,0 days 00:52:50.795000,2024-08-31 14:41:48.564,893.6822750676793,-474.3753643454833,8268.994070897232,90.0,7921.0,2,0.0,True,8,car
0 days 00:00:10.983000,0 days 00:52:51.060000,2024-08-31 14:41:48.829,899.7499339324412,-427.0,8293.0,82.42857325714286,7045.553782857143,2,0.0,True,8,pos
0 days 00:00:10.998000,0 days 00:52:51.075000,2024-08-31 14:41:48.844,900.0916005991078,-423.97873911133206,8294.107346237686,82.0,6996.0,2,0.0,True,8,car
0 days 00:00:11.238000,0 days 00:52:51.315000,2024-08-31 14:41:49.084,905.3582672657744,-371.1251109765709,8308.786508919924,79.0,6760.0,2,0.0,False,8,car
0 days 00:00:11.243000,0 days 00:52:51.320000,2024-08-31 14:41:49.089,905.4679150841871,-370.0,8309.0,78.94642925714285,6764.999936,2,0.6428489142857143,False,8,pos
0 days 00:00:11.323000,0 days 00:52:51.400000,2024-08-31 14:41:49.169,907.2032325597427,-352.0,8312.0,78.0892864,6844.999936,2,10.928563200000001,False,8,pos
0 days 00:00:11.503000,0 days 00:52:51.580000,2024-08-31 14:41:49.349,911.0112683083141,-312.0,8319.0,76.16071497142858,7024.999936,2,34.071420342857145,False,8,pos
0 days 00:00:11.518000,0 days 00:52:51.595000,2024-08-31 14:41:49.364,911.3279349749808,-308.9034353329048,8319.54717543029,76.0,7040.0,2,36.0,False,8,car
0 days 00:00:11.723000,0 days 00:52:51.800000,2024-08-31 14:41:49.569,915.8016328460919,-267.0,8331.0,78.5624992,7543.1040096,2,48.812495999999996,False,8,pos
0 days 00:00:11.758000,0 days 00:52:51.835000,2024-08-31 14:41:49.604,916.5696884016475,-258.217406423981,8335.59344943846,79.0,7629.0,2,51.0,False,8,car
0 days 00:00:12.023000,0 days 00:52:52.100000,2024-08-31 14:41:49.869,922.870904290576,-188.0,8385.0,85.60142339676547,8156.170811255985,2,2.9039152521372813,False,8,pos
0 days 00:00:12.039000,0 days 00:52:52.116000,2024-08-31 14:41:49.885,923.2531265127983,-185.39217878509848,8387.04817313037,86.0,8188.0,2,0.0,True,8,car
0 days 00:00:12.279000,0 days 00:52:52.356000,2024-08-31 14:41:50.125,928.7864598461316,-170.64365276923365,8406.721137459348,83.0,7127.0,2,0.0,True,8,car
0 days 00:00:12.343000,0 days 00:52:52.420000,2024-08-31 14:41:50.189,930.2367314510699,-167.0,8420.0,81.57777777777778,7101.933333333333,2,0.8888888888888888,True,8,pos
0 days 00:00:12.582000,0 days 00:52:52.659000,2024-08-31 14:41:50.428,935.2999906159095,-146.0,8502.0,76.26666524444444,7008.324974933334,2,4.208334222222222,True,8,pos
0 days 00:00:12.639000,0 days 00:52:52.716000,2024-08-31 14:41:50.485,936.4874906159095,-143.11543570090018,8515.583621082877,75.0,6986.0,2,5.0,False,8,car
0 days 00:00:12.799000,0 days 00:52:52.876000,2024-08-31 14:41:50.645,939.8208239492428,-141.7152141179183,8533.307072874308,75.0,6986.0,2,5.0,False,8,car
0 days 00:00:12.942000,0 days 00:52:53.019000,2024-08-31 14:41:50.788,942.7999906159095,-142.0,8549.0,75.0,6946.6749824,2,13.0437536,False,8,pos
0 days 00:00:12.959000,0 days 00:52:53.036000,2024-08-31 14:41:50.805,943.1541572825761,-141.9242404552541,8551.621154257897,75.0,6942.0,2,14.0,False,8,car
0 days 00:00:13.159000,0 days 00:52:53.236000,2024-08-31 14:41:51.005,947.3763795047984,-140.96836829103336,8594.20499825861,76.0,6883.0,2,23.0,False,8,car
0 days 00:00:13.162000,0 days 00:52:53.239000,2024-08-31 14:41:51.008,947.4397574819412,-141.0,8595.0,76.05357257142857,6891.968048457143,2,23.182146742857142,False,8,pos
0 days 00:00:13.439000,0 days 00:52:53.516000,2024-08-31 14:41:51.285,953.6722574819412,-150.824898081957,8681.99654618105,81.0,7720.0,2,40.0,False,8,car
0 days 00:00:13.522000,0 days 00:52:53.599000,2024-08-31 14:41:51.368,955.5875977966078,-154.0,8703.0,83.0750016,7971.49019392,2,44.1500032,False,8,pos
0 days 00:00:13.639000,0 days 00:52:53.716000,2024-08-31 14:41:51.485,958.3825977966078,-157.54085049886413,8723.908385911436,86.0,8326.0,2,50.0,False,8,car
0 days 00:00:13.862000,0 days 00:52:53.939000,2024-08-31 14:41:51.708,964.1414954899411,-165.0,8757.0,92.968752,9114.398142933333,2,60.68541973333333,False,8,pos
0 days 00:00:14.062000,0 days 00:52:54.139000,2024-08-31 14:41:51.908,969.65364837883,-178.0,8811.0,99.218752,9821.481476266667,2,70.26875306666668,False,8,pos
0 days 00:00:14.119000,0 days 00:52:54.196000,2024-08-31 14:41:51.965,971.2528150454966,-181.91706649249105,8825.80742113647,101.0,10023.0,2,73.0,False,8,car
0 days 00:00:14.222000,0 days 00:52:54.299000,2024-08-31 14:41:52.068,974.3103587851409,-190.0,8855.0,106.86560643417127,9960.824571797784,2,79.33485494890498,False,8,pos
0 days 00:00:14.522000,0 days 00:52:54.599000,2024-08-31 14:41:52.368,984.639515985446,-225.0,8983.0,123.94988640366121,9779.731204121192,2,97.78587731595411,False,8,pos
0 days 00:00:14.558000,0 days 00:52:54.635000,2024-08-31 14:41:52.404,985.899515985446,-227.84511861685596,8993.787237248447,126.0,9758.0,3,100.0,False,8,car
0 days 00:00:14.782000,0 days 00:52:54.859000,2024-08-31 14:41:52.628,994.6687011706312,-240.0,9042.0,140.93333333333334,10693.822222222223,3,100.0,False,8,pos
0 days 00:00:14.918000,0 days 00:52:54.995000,2024-08-31 14:41:52.764,1000.3353678372978,-252.40674468603393,9089.214771580564,150.0,11262.0,3,100.0,False,8,car
0 days 00:00:15.118000,0 days 00:52:55.195000,2024-08-31 14:41:52.964,1009.2798122817422,-275.4464603578268,9177.788183172537,161.0,11542.0,3,100.0,False,8,car
0 days 00:00:15.123000,0 days 00:52:55.200000,2024-08-31 14:41:52.969,1009.5035970017422,-276.0,9180.0,161.1249984,11507.000448,3,100.0,False,8,pos
0 days 00:00:15.243000,0 days 00:52:55.320000,2024-08-31 14:41:53.089,1014.9744302817422,-289.0,9233.0,164.1249984,10667.000448,3,100.0,False,8,pos
0 days 00:00:15.278000,0 days 00:52:55.355000,2024-08-31 14:41:53.124,1016.5785969484089,-292.7870883347052,9248.576564192976,165.0,10422.0,3,100.0,False,8,car
0 days 00:00:15.423000,0 days 00:52:55.500000,2024-08-31 14:41:53.269,1023.5651130017421,-309.0,9316.0,173.4583296,10434.6874944,3,100.0,False,8,pos
0 days 00:00:15.518000,0 days 00:52:55.595000,2024-08-31 14:41:53.364,1028.2887241128533,-320.7305595254372,9366.227635550684,179.0,10443.0,4,100.0,False,8,car
0 days 00:00:15.783000,0 days 00:52:55.860000,2024-08-31 14:41:53.629,1042.2575824284088,-354.0,9514.0,189.7656224,11350.6247808,4,100.0,False,8,pos
0 days 00:00:15.838000,0 days 00:52:55.915000,2024-08-31 14:41:53.684,1045.1909157617422,-359.60537593169846,9539.899118628811,192.0,11539.0,4,100.0,False,8,car
0 days 00:00:16.038000,0 days 00:52:56.115000,2024-08-31 14:41:53.884,1056.2464713172978,-376.07900540708215,9621.549013685963,199.0,12045.0,4,100.0,False,8,car
0 days 00:00:16.183000,0 days 00:52:56.260000,2024-08-31 14:41:54.029,1064.4625085550756,-389.0,9710.0,203.9843728,11489.4689952,4,100.0,False,8,pos
0 days 00:00:16.358000,0 days 00:52:56.435000,2024-08-31 14:41:54.204,1074.670841888409,-406.59339646382676,9856.360917824444,210.0,10819.0,5,100.0,False,8,car
0 days 00:00:16.363000,0 days 00:52:56.440000,2024-08-31 14:41:54.209,1074.962756567774,-407.0,9860.0,210.17856914285716,10829.446294857144,5,100.0,False,8,pos
0 days 00:00:16.638000,0 days 00:52:56.715000,2024-08-31 14:41:54.484,1091.7683121233297,-418.1075927165782,9987.712595556575,220.0,11404.0,5,100.0,False,8,car
0 days 00:00:16.723000,0 days 00:52:56.800000,2024-08-31 14:41:54.569,1097.0028954264405,-420.0,10029.0,221.69999872,11339.61254848,5,100.0,False,8,pos
0 days 00:00:16.903000,0 days 00:52:56.980000,2024-08-31 14:41:54.749,1108.2678953624404,-424.0,10142.0,225.29999872,11203.26254848,5,100.0,False,8,pos
0 days 00:00:17.038000,0 days 00:52:57.115000,2024-08-31 14:41:54.884,1116.8178953624406,-425.91660489346293,10230.204226205493,228.0,11101.0,5,100.0,False,8,car
0 days 00:00:17.203000,0 days 00:52:57.280000,2024-08-31 14:41:55.049,1127.532582759774,-427.0,10338.0,233.77499776,11044.07502208,5,100.0,False,8,pos
0 days 00:00:17.323000,0 days 00:52:57.400000,2024-08-31 14:41:55.169,1135.4650826851073,-427.0,10417.0,237.97499776,11002.67502208,5,100.0,False,8,pos
0 days 00:00:17.438000,0 days 00:52:57.515000,2024-08-31 14:41:55.284,1143.1956382406627,-425.674098843553,10493.651122829644,242.0,10963.0,6,100.0,False,8,car
0 days 00:00:17.483000,0 days 00:52:57.560000,2024-08-31 14:41:55.329,1146.2382163406628,-425.0,10524.0,243.406248,10984.3749696,6,100.0,False,8,pos
0 days 00:00:17.598000,0 days 00:52:57.675000,2024-08-31 14:41:55.444,1154.1284941184406,-423.21940686677607,10602.587968023634,247.0,11039.0,6,100.0,False,8,car
0 days 00:00:17.703000,0 days 00:52:57.780000,2024-08-31 14:41:55.549,1161.4092232384405,-421.0,10675.0,249.6249984,11195.97490432,6,100.0,False,8,pos
0 days 00:00:17.798000,0 days 00:52:57.875000,2024-08-31 14:41:55.644,1168.0592232384404,-418.1098568248123,10740.577072134243,252.0,11338.0,6,100.0,False,8,car
0 days 00:00:17.903000,0 days 00:52:57.980000,2024-08-31 14:41:55.749,1175.470473201107,-414.0,10814.0,254.09999872,11362.9374848,6,100.0,False,8,pos
0 days 00:00:18.198000,0 days 00:52:58.275000,2024-08-31 14:41:56.044,1196.7760287566628,-398.03041092425826,11026.937297722045,260.0,11433.0,6,100.0,False,8,car
0 days 00:00:18.263000,0 days 00:52:58.340000,2024-08-31 14:41:56.109,1201.4872390576152,-394.0,11071.0,260.9285705142857,11205.268081371429,6,100.0,False,8,pos
0 days 00:00:18.478000,0 days 00:52:58.555000,2024-08-31 14:41:56.324,1217.2539057242818,-376.6552017874289,11225.98383307449,264.0,10452.0,6,100.0,False,8,car
0 days 00:00:18.483000,0 days 00:52:58.560000,2024-08-31 14:41:56.329,1217.6206685731754,-376.0,11231.0,264.06925120341293,10454.52074380423,6,100.0,False,8,pos
0 days 00:00:18.683000,0 days 00:52:58.760000,2024-08-31 14:41:56.529,1232.4450760618977,-343.0,11466.0,266.8393347970012,10555.351786610843,6,100.0,False,8,pos
0 days 00:00:18.839000,0 days 00:52:58.916000,2024-08-31 14:41:56.685,1244.1017427285642,-327.30636212944296,11561.104822081601,269.0,10634.0,7,100.0,False,8,car
0 days 00:00:19.023000,0 days 00:52:59.100000,2024-08-31 14:41:56.869,1258.046557543379,-312.0,11629.0,272.8333333333333,10877.033333333333,7,100.0,False,8,pos
0 days 00:00:19.079000,0 days 00:52:59.156000,2024-08-31 14:41:56.925,1262.3087797656015,-304.7892969235851,11662.408438578082,274.0,10951.0,7,100.0,False,8,car
0 days 00:00:19.239000,0 days 00:52:59.316000,2024-08-31 14:41:57.085,1274.6198908767126,-274.76395983572996,11790.170020371786,277.0,11047.0,7,100.0,False,8,car
0 days 00:00:19.242000,0 days 00:52:59.319000,2024-08-31 14:41:57.088,1274.8507710860458,-274.0,11793.0,277.0562512,11048.0125216,7,100.0,False,8,pos
0 days 00:00:19.399000,0 days 00:52:59.476000,2024-08-31 14:41:57.245,1287.061882197157,-223.62883028904872,11961.529755502592,280.0,11101.0,7,100.0,False,8,car
0 days 00:00:19.502000,0 days 00:52:59.579000,2024-08-31 14:41:57.348,1295.1171975024013,-192.0,12060.0,281.54500096,11135.50502144,7,100.0,False,8,pos
0 days 00:00:19.599000,0 days 00:52:59.676000,2024-08-31 14:41:57.445,1302.7424752801792,-169.96896968085878,12125.731766506009,283.0,11168.0,7,100.0,False,8,car
0 days 00:00:19.842000,0 days 00:52:59.919000,2024-08-31 14:41:57.688,1322.0207163978932,-125.0,12238.0,285.6035721142857,11338.1000448,7,100.0,False,8,pos
0 days 00:00:19.879000,0 days 00:52:59.956000,2024-08-31 14:41:57.725,1324.960160842338,-114.759314964513,12261.356353320323,286.0,11364.0,7,100.0,False,8,car
0 days 00:00:20.082000,0 days 00:53:00.159000,2024-08-31 14:41:57.928,1341.2662416278934,-46.0,12412.0,289.171876,11454.7156536,7,100.0,False,8,pos
0 days 00:00:20.199000,0 days 00:53:00.276000,2024-08-31 14:41:58.045,1350.7237416278933,-6.659099811340134,12492.44334399681,291.0,11507.0,7,100.0,False,8,car
0 days 00:00:20.342000,0 days 00:53:00.419000,2024-08-31 14:41:58.188,1362.3065761292264,51.0,12598.0,291.5958336,11545.1333504,7,100.0,False,8,pos
0 days 00:00:20.439000,0 days 00:53:00.516000,2024-08-31 14:41:58.285,1370.1743539070044,104.7547374782464,12687.341075812274,292.0,11571.0,7,100.0,False,8,car
0 days 00:00:20.562000,0 days 00:53:00.639000,2024-08-31 14:41:58.408,1380.1685309994489,180.0,12805.0,292.5125002666667,11463.887444266667,7,100.0,False,8,pos
0 days 00:00:20.679000,0 days 00:53:00.756000,2024-08-31 14:41:58.525,1389.6910309994487,246.18789969216698,12900.645371249704,293.0,11362.0,7,100.0,False,8,car
0 days 00:00:20.879000,0 days 00:53:00.956000,2024-08-31 14:41:58.725,1406.1354754438933,347.6156357623085,13031.397660040991,296.0,10583.0,8,100.0,False,8,car
0 days 00:00:20.942000,0 days 00:53:01.019000,2024-08-31 14:41:58.788,1411.3312819079376,377.0,13067.0,296.9032265168226,10619.580673931316,8,100.0,False,8,pos
0 days 00:00:21.158000,0 days 00:53:01.235000,2024-08-31 14:41:59.004,1429.3312819079376,468.6991772792833,13170.452939807956,300.0,10745.0,8,100.0,False,8,car
0 days 00:00:21.318000,0 days 00:53:01.395000,2024-08-31 14:41:59.164,1442.7090596857154,539.5060703983933,13241.136445762319,301.0,10745.0,8,100.0,False,8,car
0 days 00:00:21.402000,0 days 00:53:01.479000,2024-08-31 14:41:59.248,1449.7446430190487,585.0,13284.0,301.525,10772.825,8,100.0,False,8,pos
0 days 00:00:21.478000,0 days 00:53:01.555000,2024-08-31 14:41:59.324,1456.1201985746043,631.1316208282246,13326.23168133419,302.0,10798.0,8,100.0,False,8,car
0 days 00:00:21.562000,0 days 00:53:01.639000,2024-08-31 14:41:59.408,1463.191365241271,685.0,13374.0,303.05,10832.65,8,100.0,False,8,pos
0 days 00:00:21.638000,0 days 00:53:01.715000,2024-08-31 14:41:59.484,1469.6091430190488,733.7499929883181,13415.502979995392,304.0,10864.0,8,100.0,False,8,car
0 days 00:00:21.803000,0 days 00:53:01.880000,2024-08-31 14:41:59.649,1483.5897419590488,842.0,13502.0,305.0312496,10877.9218696,8,100.0,False,8,pos
0 days 00:00:21.958000,0 days 00:53:02.035000,2024-08-31 14:41:59.804,1496.7647419590485,950.8932395688031,13582.441597426536,306.0,10891.0,8,100.0,False,8,car
0 days 00:00:22.043000,0 days 00:53:02.120000,2024-08-31 14:41:59.889,1504.0040772657153,1007.0,13622.0,306.6071424,10908.3035584,8,100.0,False,8,pos
0 days 00:00:22.203000,0 days 00:53:02.280000,2024-08-31 14:42:00.049,1517.6818550231756,1122.0,13696.0,307.74999954285715,10940.874986971428,8,100.0,False,8,pos
0 days 00:00:22.238000,0 days 00:53:02.315000,2024-08-31 14:42:00.084,1520.67629946762,1165.4890201058188,13721.375536284973,308.0,10948.0,8,100.0,False,8,car
0 days 00:00:22.383000,0 days 00:53:02.460000,2024-08-31 14:42:00.229,1533.1061895031755,1385.0,13845.0,308.6041664,11001.1666432,8,100.0,False,8,pos
0 days 00:00:22.478000,0 days 00:53:02.555000,2024-08-31 14:42:00.324,1541.2603561698425,1475.8062243342927,13894.395053081593,309.0,11036.0,8,100.0,False,8,car
0 days 00:00:22.763000,0 days 00:53:02.840000,2024-08-31 14:42:00.609,1565.9343795598425,1588.0,13942.0,311.6718744,11043.1249984,8,100.0,False,8,pos
0 days 00:00:22.798000,0 days 00:53:02.875000,2024-08-31 14:42:00.644,1568.9677128931755,1611.881265077362,13951.929311964894,312.0,11044.0,8,100.0,False,8,car
0 days 00:00:22.943000,0 days 00:53:03.020000,2024-08-31 14:42:00.789,1581.5587140398425,1732.0,14002.0,312.6041664,11141.8749568,8,100.0,False,8,pos
0 days 00:00:23.038000,0 days 00:53:03.115000,2024-08-31 14:42:00.884,1589.8184362620646,1806.8145592537553,14031.64413703778,313.0,11206.0,8,100.0,False,8,car
0 days 00:00:23.143000,0 days 00:53:03.220000,2024-08-31 14:42:00.989,1598.9694779153979,1895.0,14063.0,313.74999954285715,11208.999998171428,8,100.0,False,8,pos
0 days 00:00:23.318000,0 days 00:53:03.395000,2024-08-31 14:42:01.164,1614.2819779153979,2084.5492521925626,14119.299138742852,315.0,11214.0,8,100.0,False,8,car
0 days 00:00:23.443000,0 days 00:53:03.520000,2024-08-31 14:42:01.289,1625.2315342363854,2215.0,14154.0,315.34722204444444,11205.31944888889,8,100.0,False,8,pos
0 days 00:00:23.678000,0 days 00:53:03.755000,2024-08-31 14:42:01.524,1645.8593120141632,2385.552179118269,14192.348273648007,316.0,11189.0,8,100.0,False,8,car
0 days 00:00:23.843000,0 days 00:53:03.920000,2024-08-31 14:42:01.689,1660.4056661563852,2491.0,14212.0,317.3749994666667,11234.3749824,8,100.0,False,8,pos
0 days 00:00:23.918000,0 days 00:53:03.995000,2024-08-31 14:42:01.764,1667.0306661563852,2544.143303458677,14221.788942299885,318.0,11255.0,8,100.0,False,8,car
0 days 00:00:24.063000,0 days 00:53:04.140000,2024-08-31 14:42:01.909,1679.8682008657186,2683.0,14245.0,318.72499968,11281.46248832,8,100.0,False,8,pos
0 days 00:00:24.243000,0 days 00:53:04.320000,2024-08-31 14:42:02.089,1695.8494508497186,2964.0,14285.0,319.62499968,11314.31248832,8,100.0,False,8,pos
0 days 00:00:24.318000,0 days 00:53:04.395000,2024-08-31 14:42:02.164,1702.5161175163855,3061.292980443836,14297.944534336188,320.0,11328.0,8,100.0,False,8,car
0 days 00:00:24.703000,0 days 00:53:04.780000,2024-08-31 14:42:02.549,1736.9442077599408,3337.0,14327.0,321.92499968,11365.53749376,8,100.0,False,8,pos
0 days 00:00:24.718000,0 days 00:53:04.795000,2024-08-31 14:42:02.564,1738.2858744266075,3345.9810120057136,14327.789685285134,322.0,11367.0,8,100.0,False,8,car
0 days 00:00:25.063000,0 days 00:53:05.140000,2024-08-31 14:42:02.909,1769.2360480206814,3569.0,14346.0,322.9583331555556,11480.083312355555,8,100.0,False,8,pos
0 days 00:00:25.078000,0 days 00:53:05.155000,2024-08-31 14:42:02.924,1770.5818813540147,3581.0104287756567,14346.937605138155,323.0,11485.0,8,100.0,False,8,car
0 days 00:00:25.343000,0 days 00:53:05.420000,2024-08-31 14:42:03.189,1794.4555617284232,3820.0,14366.0,324.32169565234045,11490.947630435532,8,100.0,False,8,pos
0 days 00:00:25.479000,0 days 00:53:05.556000,2024-08-31 14:42:03.325,1806.7333395062008,3939.4960273153165,14377.04797086856,325.0,11494.0,8,100.0,False,8,car
0 days 00:00:25.563000,0 days 00:53:05.640000,2024-08-31 14:42:03.409,1814.316672839534,4018.0,14384.0,325.0,11505.433333333332,8,100.0,False,8,pos
0 days 00:00:25.723000,0 days 00:53:05.800000,2024-08-31 14:42:03.569,1828.7611172839784,4182.0,14397.0,325.0,11527.211111111112,8,100.0,False,8,pos
0 days 00:00:25.839000,0 days 00:53:05.916000,2024-08-31 14:42:03.685,1839.2333395062005,4289.468231294953,14405.718706618383,325.0,11543.0,8,100.0,False,8,car
0 days 00:00:25.902000,0 days 00:53:05.979000,2024-08-31 14:42:03.748,1844.9208395062008,4344.0,14410.0,325.0,11516.85497344,8,100.0,False,8,pos
0 days 00:00:26.039000,0 days 00:53:06.116000,2024-08-31 14:42:03.885,1857.2888950617564,4458.086120279561,14418.082239406687,325.0,11460.0,8,100.0,False,8,car
0 days 00:00:26.102000,0 days 00:53:06.179000,2024-08-31 14:42:03.948,1862.9763950617564,4518.0,14422.0,325.0,11480.0812704,8,100.0,False,8,pos
0 days 00:00:26.359000,0 days 00:53:06.436000,2024-08-31 14:42:04.205,1886.1777839506453,4819.5323811742455,14440.606173213677,325.0,11562.0,8,100.0,False,8,car
0 days 00:00:26.382000,0 days 00:53:06.459000,2024-08-31 14:42:04.228,1888.2545810196823,4843.0,14442.0,325.06388906666666,11561.169442133334,8,100.0,False,8,pos
0 days 00:00:26.719000,0 days 00:53:06.796000,2024-08-31 14:42:04.565,1918.7718032419045,5082.797871066049,14454.81358502847,326.0,11549.0,8,100.0,False,8,car
0 days 00:00:26.782000,0 days 00:53:06.859000,2024-08-31 14:42:04.628,1924.4768032419045,5132.0,14457.0,326.0,11547.031248,8,100.0,False,8,pos
0 days 00:00:26.942000,0 days 00:53:07.019000,2024-08-31 14:42:04.788,1938.9656921307933,5276.0,14463.0,326.0,11542.031248,8,100.0,False,8,pos
0 days 00:00:27.039000,0 days 00:53:07.116000,2024-08-31 14:42:04.885,1947.7495810196822,5358.335471205677,14466.15399756005,326.0,11539.0,8,100.0,False,8,car
0 days 00:00:27.142000,0 days 00:53:07.219000,2024-08-31 14:42:04.988,1957.067594034793,5457.0,14470.0,325.6781248,11532.2406208,8,100.0,False,8,pos
0 days 00:00:27.359000,0 days 00:53:07.436000,2024-08-31 14:42:05.205,1976.657871812571,5738.317596417342,14481.964439642792,325.0,11518.0,8,100.0,True,8,car
0 days 00:00:27.382000,0 days 00:53:07.459000,2024-08-31 14:42:05.228,1978.73150548546,5763.0,14483.0,324.5687488,11497.874944,8,85.62496,True,8,pos
0 days 00:00:27.519000,0 days 00:53:07.596000,2024-08-31 14:42:05.365,1990.9853943743487,5869.1343100442555,14487.23702715111,322.0,11378.0,8,0.0,True,8,car
0 days 00:00:27.719000,0 days 00:53:07.796000,2024-08-31 14:42:05.565,2006.3187277076822,5954.800355104081,14489.855132443372,276.0,10067.0,8,0.0,True,8,car
0 days 00:00:27.802000,0 days 00:53:07.879000,2024-08-31 14:42:05.648,2012.4338519435205,6021.0,14492.0,265.2343042050399,9905.514563075598,8,0.0,True,8,pos
0 days 00:00:27.958000,0 days 00:53:08.035000,2024-08-31 14:42:05.804,2023.050518610187,6198.064974967908,14497.945490617305,245.0,9602.0,8,0.0,True,8,car
0 days 00:00:28.022000,0 days 00:53:08.099000,2024-08-31 14:42:05.868,2027.2069630546316,6258.0,14500.0,233.8,9882.0,8,0.0,True,8,pos
0 days 00:00:28.118000,0 days 00:53:08.195000,2024-08-31 14:42:05.964,2032.9936297212982,6312.821851010902,14501.940965610067,217.0,10302.0,8,0.0,True,8,car
0 days 00:00:28.343000,0 days 00:53:08.420000,2024-08-31 14:42:06.189,2045.2084738546316,6358.0,14505.0,195.43750613333333,10013.250082133334,8,0.0,True,8,pos
0 days 00:00:28.358000,0 days 00:53:08.435000,2024-08-31 14:42:06.204,2046.016807187965,6363.320605228548,14505.436258358215,194.0,9994.0,8,0.0,True,8,car
0 days 00:00:28.583000,0 days 00:53:08.660000,2024-08-31 14:42:06.429,2056.9308700324095,6477.0,14517.0,174.6250055111111,10462.124866844444,8,0.0,True,8,pos
0 days 00:00:28.718000,0 days 00:53:08.795000,2024-08-31 14:42:06.564,2063.0433700324097,6547.582839292143,14530.28921658978,163.0,10743.0,6,0.0,True,8,car
0 days 00:00:28.878000,0 days 00:53:08.955000,2024-08-31 14:42:06.724,2069.710036699076,6621.383606441303,14549.273746989405,150.0,10340.0,5,0.0,True,8,car
0 days 00:00:28.923000,0 days 00:53:09,2024-08-31 14:42:06.769,2071.551286747076,6638.0,14554.0,147.30000384,10119.5003136,5,0.0,True,8,pos
0 days 00:00:29.078000,0 days 00:53:09.155000,2024-08-31 14:42:06.924,2077.4929534137427,6681.278003206487,14568.104491367812,138.0,9360.0,3,0.0,True,8,car
0 days 00:00:29.183000,0 days 00:53:09.260000,2024-08-31 14:42:07.029,2081.422250347076,6708.0,14579.0,134.718752,9113.031400533333,3,0.0,True,8,pos
0 days 00:00:29.463000,0 days 00:53:09.540000,2024-08-31 14:42:07.309,2091.219819947076,6790.0,14620.0,125.968752,8454.4480672,3,0.0,True,8,pos
0 days 00:00:29.558000,0 days 00:53:09.635000,2024-08-31 14:42:07.404,2094.4656532804092,6812.585140320773,14634.449898878947,123.0,8231.0,3,0.0,True,8,car
0 days 00:00:29.663000,0 days 00:53:09.740000,2024-08-31 14:42:07.509,2097.884715883076,6837.0,14656.0,117.22500352,8044.10011392,3,1.04999936,True,8,pos
0 days 00:00:29.758000,0 days 00:53:09.835000,2024-08-31 14:42:07.604,2100.840271438631,6862.635501854841,14686.35968149432,112.0,7875.0,3,2.0,False,8,car
0 days 00:00:29.903000,0 days 00:53:09.980000,2024-08-31 14:42:07.749,2105.2864906030754,6900.0,14739.0,110.3888896,7967.638848,3,16.9027712,False,8,pos
0 days 00:00:30.118000,0 days 00:53:10.195000,2024-08-31 14:42:07.964,2111.7364906030753,6925.940871444395,14789.040812929285,108.0,8105.0,3,39.0,False,8,car
0 days 00:00:30.278000,0 days 00:53:10.355000,2024-08-31 14:42:08.124,2116.5809350475197,6935.576121898439,14817.796881724327,109.0,8637.0,3,47.0,False,8,car
0 days 00:00:30.363000,0 days 00:53:10.440000,2024-08-31 14:42:08.209,2119.2047197319644,6946.0,14839.0,111.1249984,8807.42487168,3,60.17499008,False,8,pos
0 days 00:00:30.443000,0 days 00:53:10.520000,2024-08-31 14:42:08.289,2121.7186085852977,6959.0,14862.0,113.1249984,8967.82487168,3,72.57499007999999,False,8,pos
0 days 00:00:30.478000,0 days 00:53:10.555000,2024-08-31 14:42:08.324,2122.826941918631,6965.265728681337,14871.63861678086,114.0,9038.0,3,78.0,False,8,car
0 days 00:00:30.623000,0 days 00:53:10.700000,2024-08-31 14:42:08.469,2127.689764219583,6994.0,14908.0,120.73213988571429,9111.53568182857,3,50.55358354285714,False,8,pos
0 days 00:00:30.758000,0 days 00:53:10.835000,2024-08-31 14:42:08.604,2132.452264219583,7024.45415788593,14940.7363988352,127.0,9180.0,3,25.0,False,8,car
0 days 00:00:30.803000,0 days 00:53:10.880000,2024-08-31 14:42:08.649,2134.039764219583,7037.0,14952.0,127.0,9161.55002624,3,24.55000064,False,8,pos
0 days 00:00:30.958000,0 days 00:53:11.035000,2024-08-31 14:42:08.804,2139.5078197751386,7092.762625504658,14993.163635074434,127.0,9098.0,3,23.0,False,8,car
0 days 00:00:31.123000,0 days 00:53:11.200000,2024-08-31 14:42:08.969,2145.328653108472,7153.0,15031.0,127.0,9533.59983104,3,37.84999424,False,8,pos
0 days 00:00:31.158000,0 days 00:53:11.235000,2024-08-31 14:42:09.004,2146.5633753306943,7163.010989362403,15036.82419968841,127.0,9626.0,3,41.0,False,8,car
0 days 00:00:31.423000,0 days 00:53:11.500000,2024-08-31 14:42:09.269,2156.1906570094243,7224.0,15065.0,130.78571337142859,9816.232096914286,3,79.80356205714286,False,8,pos
0 days 00:00:31.438000,0 days 00:53:11.515000,2024-08-31 14:42:09.284,2156.736490342758,7228.345457912008,15066.66958486435,131.0,9827.0,3,82.0,False,8,car
0 days 00:00:31.638000,0 days 00:53:11.715000,2024-08-31 14:42:09.484,2164.403157009425,7298.849505851718,15091.65709468604,138.0,10370.0,3,82.0,False,8,car
0 days 00:00:31.683000,0 days 00:53:11.760000,2024-08-31 14:42:09.529,2166.137493098211,7316.0,15097.0,138.74688710290778,10337.510411023512,3,85.360991963085,False,8,pos
0 days 00:00:31.879000,0 days 00:53:11.956000,2024-08-31 14:42:09.725,2173.8686042093223,7392.447439153995,15117.212143242188,142.0,10196.0,3,100.0,False,8,car
0 days 00:00:31.963000,0 days 00:53:12.040000,2024-08-31 14:42:09.809,2177.3093375426556,7427.0,15125.0,147.46,9984.74,3,100.0,False,8,pos
0 days 00:00:32.079000,0 days 00:53:12.156000,2024-08-31 14:42:09.925,2182.3037819871,7476.89445885913,15135.278483012165,155.0,9693.0,4,100.0,False,8,car
0 days 00:00:32.123000,0 days 00:53:12.200000,2024-08-31 14:42:09.969,2184.2251153204334,7496.0,15139.0,157.2,9919.6,4,100.0,False,8,pos
0 days 00:00:32.243000,0 days 00:53:12.320000,2024-08-31 14:42:10.089,2189.6651153204334,7550.0,15149.0,163.2,10537.6,4,100.0,False,8,pos
0 days 00:00:32.279000,0 days 00:53:12.356000,2024-08-31 14:42:10.125,2191.3151153204335,7568.8501262685,15152.345650447647,165.0,10723.0,4,100.0,False,8,car
0 days 00:00:32.562000,0 days 00:53:12.639000,2024-08-31 14:42:10.408,2205.4678178446557,7751.0,15185.0,180.0343784,11099.7438352,4,100.0,False,8,pos
0 days 00:00:32.599000,0 days 00:53:12.676000,2024-08-31 14:42:10.445,2207.3383734002114,7774.389417457452,15189.815003704434,182.0,11149.0,4,100.0,False,8,car
0 days 00:00:32.959000,0 days 00:53:13.036000,2024-08-31 14:42:10.805,2226.738373400212,7973.354960397429,15238.877994459843,194.0,11682.0,4,100.0,False,8,car
0 days 00:00:33.002000,0 days 00:53:13.079000,2024-08-31 14:42:10.848,2229.0735720380785,7992.0,15244.0,195.50500224,11687.80500864,4,100.0,False,8,pos
0 days 00:00:33.159000,0 days 00:53:13.236000,2024-08-31 14:42:11.005,2237.8394053714114,8049.541839719006,15260.597753676553,201.0,11709.0,4,100.0,False,8,car
0 days 00:00:33.319000,0 days 00:53:13.396000,2024-08-31 14:42:11.165,2247.083849815856,8111.968878400047,15280.085566736796,208.0,10804.0,4,100.0,False,8,car
0 days 00:00:33.422000,0 days 00:53:13.499000,2024-08-31 14:42:11.268,2253.0902161696335,8189.0,15304.0,209.9312512,10956.5688448,4,100.0,False,8,pos
0 days 00:00:33.479000,0 days 00:53:13.556000,2024-08-31 14:42:11.325,2256.431049502967,8245.138956879611,15321.37928180331,211.0,11041.0,5,100.0,False,8,car
0 days 00:00:33.602000,0 days 00:53:13.679000,2024-08-31 14:42:11.448,2263.791973193041,8373.0,15361.0,215.44166897777777,11152.041724444445,5,100.0,False,8,pos
0 days 00:00:33.839000,0 days 00:53:13.916000,2024-08-31 14:42:11.685,2278.538639859708,8479.697329484987,15395.106771814091,224.0,11366.0,5,100.0,False,8,car
0 days 00:00:34.022000,0 days 00:53:14.099000,2024-08-31 14:42:11.868,2290.1367270548594,8539.0,15417.0,228.15909236363638,11303.613614545455,5,100.0,False,8,pos
0 days 00:00:34.242000,0 days 00:53:14.319000,2024-08-31 14:42:12.088,2304.3853382548596,8672.0,15467.0,233.15909236363638,11228.613614545455,5,100.0,False,8,pos
0 days 00:00:34.279000,0 days 00:53:14.356000,2024-08-31 14:42:12.125,2306.7903382548598,8694.313502879491,15475.785211969018,234.0,11216.0,5,100.0,False,8,car
0 days 00:00:34.322000,0 days 00:53:14.399000,2024-08-31 14:42:12.168,2309.6010756632827,8720.0,15486.0,235.31755047263724,11192.403868808224,5,100.0,False,8,pos
0 days 00:00:34.542000,0 days 00:53:14.619000,2024-08-31 14:42:12.388,2324.393539328879,8857.0,15540.0,242.05849634611764,11071.679656346801,5,100.0,False,8,pos
0 days 00:00:34.638000,0 days 00:53:14.715000,2024-08-31 14:42:12.484,2330.926872662212,8917.7180924733,15563.252006396408,245.0,11019.0,6,100.0,False,8,car
0 days 00:00:34.843000,0 days 00:53:14.920000,2024-08-31 14:42:12.689,2345.1409177191013,9049.0,15612.0,249.61249856,11263.97492352,6,100.0,False,8,pos
0 days 00:00:35.038000,0 days 00:53:15.115000,2024-08-31 14:42:12.884,2358.899251052434,9177.655189813317,15657.848881666116,254.0,11497.0,6,100.0,False,8,car
0 days 00:00:35.043000,0 days 00:53:15.120000,2024-08-31 14:42:12.889,2359.2521503564344,9181.0,15659.0,254.08749888,11498.96247488,6,100.0,False,8,pos
0 days 00:00:35.243000,0 days 00:53:15.320000,2024-08-31 14:42:13.089,2373.562566960879,9315.0,15704.0,257.58749888,11577.46247488,6,100.0,False,8,pos
0 days 00:00:35.363000,0 days 00:53:15.440000,2024-08-31 14:42:13.209,2382.2188169235455,9397.0,15732.0,259.68749888,11624.56247488,6,100.0,False,8,pos
0 days 00:00:35.438000,0 days 00:53:15.515000,2024-08-31 14:42:13.284,2387.6563169235455,9464.172538891915,15754.105335606706,261.0,11654.0,6,100.0,False,8,car
0 days 00:00:35.638000,0 days 00:53:15.715000,2024-08-31 14:42:13.484,2402.322983590212,9679.515881493542,15822.431765238156,264.0,11761.0,6,100.0,False,8,car
0 days 00:00:35.683000,0 days 00:53:15.760000,2024-08-31 14:42:13.529,2405.6007179968788,9717.0,15834.0,262.2187525333333,11670.531378666667,6,90.62501333333333,False,8,pos
0 days 00:00:36.103000,0 days 00:53:16.180000,2024-08-31 14:42:13.949,2434.253322459101,9894.0,15873.0,245.59375253333334,10826.156378666667,6,3.125013333333328,False,8,pos
0 days 00:00:36.118000,0 days 00:53:16.195000,2024-08-31 14:42:13.964,2435.2741557924346,9902.368567719313,15873.877796018343,245.0,10796.0,6,0.0,True,8,car
0 days 00:00:36.278000,0 days 00:53:16.355000,2024-08-31 14:42:14.124,2445.940822459101,10006.820129525773,15882.83334777119,240.0,10796.0,6,0.0,True,8,car
0 days 00:00:36.283000,0 days 00:53:16.360000,2024-08-31 14:42:14.129,2446.2738780182126,10010.0,15883.0,239.80000256,10781.77518208,6,0.0,True,8,pos
0 days 00:00:36.463000,0 days 00:53:16.540000,2024-08-31 14:42:14.309,2457.9038781462127,10126.0,15879.0,232.60000256,10269.67518208,6,0.0,True,8,pos
0 days 00:00:36.478000,0 days 00:53:16.555000,2024-08-31 14:42:14.324,2458.8705448128794,10138.377483206998,15877.069478377445,232.0,10227.0,6,0.0,True,8,car
0 days 00:00:36.703000,0 days 00:53:16.780000,2024-08-31 14:42:14.549,2472.7678664128794,10351.0,15827.0,222.3571456,10760.5712768,6,0.0,True,8,pos
0 days 00:00:36.758000,0 days 00:53:16.835000,2024-08-31 14:42:14.604,2476.1289775239907,10384.416707709433,15817.21712079184,220.0,10891.0,6,0.0,False,8,car
0 days 00:00:36.998000,0 days 00:53:17.075000,2024-08-31 14:42:14.844,2490.3289775239905,10444.919230545676,15785.76433513667,213.0,10747.0,5,3.0,False,8,car
0 days 00:00:37.043000,0 days 00:53:17.120000,2024-08-31 14:42:14.889,2492.9774150439907,10459.0,15776.0,211.8750016,10661.5001216,5,5.47499648,False,8,pos
0 days 00:00:37.198000,0 days 00:53:17.275000,2024-08-31 14:42:15.044,2501.9329705995465,10528.598080024689,15728.322640589811,208.0,10367.0,5,14.0,False,8,car
0 days 00:00:37.343000,0 days 00:53:17.420000,2024-08-31 14:42:15.189,2510.2134104573242,10600.0,15673.0,205.5833344,10489.0416128,5,57.499980799999996,False,8,pos
0 days 00:00:37.438000,0 days 00:53:17.515000,2024-08-31 14:42:15.284,2515.5967437906575,10638.781232276517,15635.494742650499,204.0,10569.0,5,86.0,False,8,car
0 days 00:00:37.483000,0 days 00:53:17.560000,2024-08-31 14:42:15.329,2518.1608062706573,10656.0,15617.0,205.1249984,10656.589161142858,5,88.2499968,False,8,pos
0 days 00:00:37.643000,0 days 00:53:17.720000,2024-08-31 14:42:15.489,2527.455250643991,10714.0,15546.0,209.1249984,10968.017732571428,5,96.2499968,False,8,pos
0 days 00:00:37.718000,0 days 00:53:17.795000,2024-08-31 14:42:15.564,2531.8510839773244,10738.42302464254,15509.49252507483,211.0,11114.0,5,100.0,False,8,car
0 days 00:00:37.803000,0 days 00:53:17.880000,2024-08-31 14:42:15.649,2536.873167280435,10764.0,15466.0,212.69999872,11174.5624544,5,100.0,False,8,pos
0 days 00:00:38.063000,0 days 00:53:18.140000,2024-08-31 14:42:15.909,2552.6103894102134,10830.0,15323.0,217.89999872,11359.8124544,5,100.0,False,8,pos
0 days 00:00:38.118000,0 days 00:53:18.195000,2024-08-31 14:42:15.964,2555.9562227435467,10841.486987060116,15291.209775155296,219.0,11399.0,5,100.0,False,8,car
0 days 00:00:38.303000,0 days 00:53:18.380000,2024-08-31 14:42:16.149,2567.448062939102,10874.0,15181.0,223.6249984,11631.17491968,5,100.0,False,8,pos
0 days 00:00:38.318000,0 days 00:53:18.395000,2024-08-31 14:42:16.164,2568.3813962724353,10876.259145342043,15171.881431377207,224.0,11650.0,5,100.0,False,8,car
0 days 00:00:38.523000,0 days 00:53:18.600000,2024-08-31 14:42:16.369,2581.2460509849457,10902.0,15045.0,225.91588763432028,11736.214943544412,5,100.0,False,8,pos
0 days 00:00:38.639000,0 days 00:53:18.716000,2024-08-31 14:42:16.485,2588.56049542939,10913.162158696936,14971.979472785186,227.0,11785.0,5,100.0,False,8,car
0 days 00:00:38.683000,0 days 00:53:18.760000,2024-08-31 14:42:16.529,2591.3517454293897,10917.0,14944.0,228.375,11610.1,5,100.0,False,8,pos
0 days 00:00:38.903000,0 days 00:53:18.980000,2024-08-31 14:42:16.749,2605.7281343182785,10934.0,14801.0,235.25,10735.6,5,100.0,False,8,pos
0 days 00:00:38.959000,0 days 00:53:19.036000,2024-08-31 14:42:16.805,2609.4148009849455,10937.81916978352,14763.463645362139,237.0,10513.0,5,100.0,False,8,car
0 days 00:00:39.199000,0 days 00:53:19.276000,2024-08-31 14:42:17.045,2625.5481343182787,10951.85073755347,14603.852661947223,242.0,10975.0,6,100.0,False,8,car
0 days 00:00:39.202000,0 days 00:53:19.279000,2024-08-31 14:42:17.048,2625.7498634862786,10952.0,14602.0,242.0750016,10975.87001856,6,100.0,False,8,pos
0 days 00:00:39.399000,0 days 00:53:19.476000,2024-08-31 14:42:17.245,2639.266252375168,10961.80384383165,14469.824665618913,247.0,11033.0,6,100.0,False,8,car
0 days 00:00:39.402000,0 days 00:53:19.479000,2024-08-31 14:42:17.248,2639.472116959168,10962.0,14467.0,247.0375008,11036.0750656,6,100.0,False,8,pos
0 days 00:00:39.559000,0 days 00:53:19.636000,2024-08-31 14:42:17.405,2650.3312836258347,10974.612198348674,14281.063722411223,249.0,11197.0,6,100.0,False,8,car
0 days 00:00:39.602000,0 days 00:53:19.679000,2024-08-31 14:42:17.448,2653.316150539909,10978.0,14231.0,249.89583466666667,11237.670893866667,6,100.0,False,8,pos
0 days 00:00:39.799000,0 days 00:53:19.876000,2024-08-31 14:42:17.645,2667.2155949843536,10990.396733451296,14050.4825487341,254.0,11424.0,6,100.0,False,8,car
0 days 00:00:39.999000,0 days 00:53:20.076000,2024-08-31 14:42:17.845,2681.548928317687,10998.626945027185,13936.12151083543,258.0,11426.0,6,100.0,False,8,car
0 days 00:00:40.042000,0 days 00:53:20.119000,2024-08-31 14:42:17.888,2684.6370151327983,11000.0,13918.0,258.5375008,11459.683383466667,6,100.0,False,8,pos
0 days 00:00:40.322000,0 days 00:53:20.399000,2024-08-31 14:42:18.168,2705.017709639465,11008.0,13825.0,262.0375008,11679.0167168,6,100.0,False,8,pos
0 days 00:00:40.479000,0 days 00:53:20.556000,2024-08-31 14:42:18.325,2716.531042972798,11017.138163104111,13725.258495030042,264.0,11802.0,6,100.0,False,8,car
0 days 00:00:40.602000,0 days 00:53:20.679000,2024-08-31 14:42:18.448,2725.6110787183216,11027.0,13620.0,265.75714377142856,11848.564309942858,6,100.0,False,8,pos
0 days 00:00:40.759000,0 days 00:53:20.836000,2024-08-31 14:42:18.605,2737.2988564960997,11042.471096290974,13459.157625545982,268.0,11908.0,6,100.0,False,8,car
0 days 00:00:40.842000,0 days 00:53:20.919000,2024-08-31 14:42:18.688,2743.4697719992105,11050.0,13384.0,267.6541664,11900.7374944,6,83.7458208,False,8,pos
0 days 00:00:40.999000,0 days 00:53:21.076000,2024-08-31 14:42:18.845,2755.1139386658774,11060.600890892287,13287.466668322362,267.0,11887.0,6,53.0,True,8,car
0 days 00:00:41.239000,0 days 00:53:21.316000,2024-08-31 14:42:19.085,2771.380605332544,11067.055848125652,13161.300077351145,244.0,11065.0,6,0.0,True,8,car
0 days 00:00:41.262000,0 days 00:53:21.339000,2024-08-31 14:42:19.108,2772.9247258992145,11067.0,13141.0,241.68843652231186,10926.421769512597,6,0.0,True,8,pos
0 days 00:00:41.438000,0 days 00:53:21.515000,2024-08-31 14:42:19.284,2783.875837010326,11063.162765787443,12958.287843947155,224.0,9866.0,6,0.0,True,8,car
0 days 00:00:41.443000,0 days 00:53:21.520000,2024-08-31 14:42:19.289,2784.186496738326,11063.0,12954.0,223.67500416,9882.3747904,6,0.0,True,8,pos
0 days 00:00:41.638000,0 days 00:53:21.715000,2024-08-31 14:42:19.484,2795.6156634049926,11055.043472225594,12859.009977365688,211.0,10521.0,6,0.0,True,8,car
0 days 00:00:41.823000,0 days 00:53:21.900000,2024-08-31 14:42:19.669,2806.1418209220296,11038.0,12810.0,204.83333546666665,10208.812608,6,0.0,True,8,pos
0 days 00:00:41.878000,0 days 00:53:21.955000,2024-08-31 14:42:19.724,2809.2432098109184,11029.972215402084,12787.23394945304,203.0,10116.0,5,0.0,True,8,car
0 days 00:00:42.038000,0 days 00:53:22.115000,2024-08-31 14:42:19.884,2818.1765431442514,10998.954144605561,12703.367894777335,201.0,10030.0,5,5.0,False,8,car
0 days 00:00:42.123000,0 days 00:53:22.200000,2024-08-31 14:42:19.969,2822.8578675975846,10978.0,12660.0,198.2678592,10070.982112,5,28.3749824,False,8,pos
0 days 00:00:42.283000,0 days 00:53:22.360000,2024-08-31 14:42:20.129,2831.441201022347,10931.0,12588.0,193.12500205714286,10148.124969142857,5,72.37498240000001,False,8,pos
0 days 00:00:42.318000,0 days 00:53:22.395000,2024-08-31 14:42:20.164,2833.307867689013,10919.913730639653,12573.559903008616,192.0,10165.0,5,82.0,False,8,car
0 days 00:00:42.503000,0 days 00:53:22.580000,2024-08-31 14:42:20.349,2843.2537588653095,10852.0,12500.0,193.54166613333334,10390.083255466667,5,91.2499968,False,8,pos
0 days 00:00:42.678000,0 days 00:53:22.755000,2024-08-31 14:42:20.524,2852.732925531976,10757.87682417922,12422.334483034367,195.0,10603.0,5,100.0,False,8,car
0 days 00:00:42.743000,0 days 00:53:22.820000,2024-08-31 14:42:20.589,2856.2953242179024,10722.0,12396.0,197.30208106666666,10705.7811488,5,100.0,False,8,pos
0 days 00:00:43.143000,0 days 00:53:23.220000,2024-08-31 14:42:20.989,2879.7918517438284,10519.0,12279.0,211.46874773333334,11338.2811488,5,100.0,False,8,pos
0 days 00:00:43.158000,0 days 00:53:23.235000,2024-08-31 14:42:21.004,2880.6751850771616,10510.389982137178,12274.566145193932,212.0,11362.0,5,100.0,False,8,car
0 days 00:00:43.478000,0 days 00:53:23.555000,2024-08-31 14:42:21.324,2899.786296188273,10312.75187282303,12174.801979087482,215.0,11362.0,5,100.0,False,8,car
0 days 00:00:43.543000,0 days 00:53:23.620000,2024-08-31 14:42:21.389,2903.7034489313837,10281.0,12159.0,216.94999808,11363.6249984,5,100.0,False,8,pos
0 days 00:00:43.878000,0 days 00:53:23.955000,2024-08-31 14:42:21.724,2924.827060042495,10156.983628958207,12097.079817926082,227.0,11372.0,5,100.0,False,8,car
0 days 00:00:43.943000,0 days 00:53:24.020000,2024-08-31 14:42:21.789,2928.9592028666216,10111.0,12073.0,228.85714102857142,11225.285858742856,5,100.0,False,8,pos
0 days 00:00:44.143000,0 days 00:53:24.220000,2024-08-31 14:42:21.989,2941.9909487967807,9926.0,11975.0,234.57142674285714,10773.857287314286,5,100.0,False,8,pos
0 days 00:00:44.158000,0 days 00:53:24.235000,2024-08-31 14:42:22.004,2942.970115463447,9915.643297203631,11969.507444043387,235.0,10740.0,6,100.0,False,8,car
0 days 00:00:44.503000,0 days 00:53:24.580000,2024-08-31 14:42:22.349,2966.6848721864103,9782.0,11898.0,247.4583310222222,11164.541587911111,6,100.0,False,8,pos
0 days 00:00:44.518000,0 days 00:53:24.595000,2024-08-31 14:42:22.364,2967.7182055197436,9769.786279058877,11891.384591998341,248.0,11183.0,6,100.0,False,8,car
0 days 00:00:44.723000,0 days 00:53:24.800000,2024-08-31 14:42:22.569,2982.1322679286322,9555.0,11775.0,253.1249984,11303.803533714286,6,100.0,False,8,pos
0 days 00:00:44.798000,0 days 00:53:24.875000,2024-08-31 14:42:22.644,2987.4447679286322,9498.165351730437,11744.303484432003,255.0,11348.0,6,100.0,False,8,car
0 days 00:00:44.959000,0 days 00:53:25.036000,2024-08-31 14:42:22.805,2998.9383790397433,9436.702786755131,11711.449779177281,257.0,11439.0,6,100.0,False,8,car
0 days 00:00:45.159000,0 days 00:53:25.236000,2024-08-31 14:42:23.005,3013.438379039743,9367.019906896647,11674.092214254833,261.0,11672.0,6,100.0,False,8,car
0 days 00:00:45.163000,0 days 00:53:25.240000,2024-08-31 14:42:23.009,3013.728471632335,9365.0,11673.0,261.0833333333333,11660.333333333334,6,100.0,False,8,pos
0 days 00:00:45.343000,0 days 00:53:25.420000,2024-08-31 14:42:23.189,3026.9701382990024,9250.0,11610.0,264.8333333333333,11135.333333333334,6,100.0,False,8,pos
0 days 00:00:45.399000,0 days 00:53:25.476000,2024-08-31 14:42:23.245,3031.10791607678,9205.814781482299,11585.016191531611,266.0,10972.0,6,100.0,False,14,car
0 days 00:00:45.559000,0 days 00:53:25.636000,2024-08-31 14:42:23.405,3043.019027187891,9062.78840561542,11502.397741368297,268.0,10738.0,7,100.0,False,14,car
0 days 00:00:45.642000,0 days 00:53:25.719000,2024-08-31 14:42:23.488,3049.23379631278,8991.0,11461.0,269.5562512,10801.546924,7,100.0,False,14,pos
0 days 00:00:45.879000,0 days 00:53:25.956000,2024-08-31 14:42:23.725,3067.272129646113,8811.047683349754,11358.753345966423,274.0,10983.0,7,100.0,False,12,car
0 days 00:00:46.039000,0 days 00:53:26.116000,2024-08-31 14:42:23.885,3079.627685201669,8711.685934916866,11302.945523674905,278.0,11139.0,7,100.0,False,12,car
0 days 00:00:46.042000,0 days 00:53:26.119000,2024-08-31 14:42:23.888,3079.8593935358913,8710.0,11302.0,278.05000106666665,11139.93752,7,100.0,False,12,pos
0 days 00:00:46.279000,0 days 00:53:26.356000,2024-08-31 14:42:24.125,3098.4243935358913,8597.159242211346,11238.894481728263,282.0,11214.0,7,100.0,False,12,car
0 days 00:00:46.482000,0 days 00:53:26.559000,2024-08-31 14:42:24.328,3114.564538287002,8490.0,11179.0,286.229168,11356.1000448,7,100.0,False,12,pos
0 days 00:00:46.519000,0 days 00:53:26.596000,2024-08-31 14:42:24.365,3117.514260509224,8465.73321681393,11165.412518167632,287.0,11382.0,7,100.0,False,12,car
0 days 00:00:46.702000,0 days 00:53:26.779000,2024-08-31 14:42:24.548,3132.2197084665577,8323.0,11085.0,289.2875008,11514.1031712,7,100.0,False,12,pos
0 days 00:00:46.839000,0 days 00:53:26.916000,2024-08-31 14:42:24.685,3143.2938751332244,8188.67750099573,11007.990018636101,291.0,11613.0,7,100.0,False,12,car
0 days 00:00:47.039000,0 days 00:53:27.116000,2024-08-31 14:42:24.885,3159.627208466558,7999.187745126688,10898.689704515798,294.0,11569.0,7,100.0,False,12,car
0 days 00:00:47.062000,0 days 00:53:27.139000,2024-08-31 14:42:24.908,3161.5073786105577,7984.0,10890.0,294.2875008,11584.1417088,7,100.0,False,12,pos
0 days 00:00:47.279000,0 days 00:53:27.356000,2024-08-31 14:42:25.125,3179.4098786105583,7905.469379971061,10845.790598991332,297.0,11727.0,7,100.0,False,12,car
0 days 00:00:47.402000,0 days 00:53:27.479000,2024-08-31 14:42:25.248,3189.5923994621135,7842.0,10806.0,298.02500053333335,11221.1622368,7,100.0,False,12,pos
0 days 00:00:47.519000,0 days 00:53:27.596000,2024-08-31 14:42:25.365,3199.309899462113,7735.91736114519,10737.313130946679,299.0,10740.0,8,100.0,False,12,car
0 days 00:00:47.702000,0 days 00:53:27.779000,2024-08-31 14:42:25.548,3214.638267562854,7549.0,10614.0,301.54166755555553,10816.758360177777,8,100.0,False,12,pos
0 days 00:00:47.879000,0 days 00:53:27.956000,2024-08-31 14:42:25.725,3229.5849342295205,7454.922607627774,10548.446734523743,304.0,10891.0,8,100.0,False,12,car
0 days 00:00:48.063000,0 days 00:53:28.140000,2024-08-31 14:42:25.909,3245.227496884935,7377.0,10487.0,306.05013891028165,10944.816146394893,8,100.0,False,12,pos
0 days 00:00:48.223000,0 days 00:53:28.300000,2024-08-31 14:42:26.069,3258.9089577026007,7270.0,10401.0,307.8328683974831,10991.61279543393,8,100.0,False,12,pos
0 days 00:00:48.238000,0 days 00:53:28.315000,2024-08-31 14:42:26.084,3260.192291035934,7260.2011726512965,10393.03929609669,308.0,10996.0,8,100.0,False,12,car
0 days 00:00:48.403000,0 days 00:53:28.480000,2024-08-31 14:42:26.249,3274.4223951586005,7149.0,10302.0,310.47499904,11070.2499712,8,100.0,False,12,pos
0 days 00:00:48.438000,0 days 00:53:28.515000,2024-08-31 14:42:26.284,3277.4460062697117,7117.699612014634,10276.499810869875,311.0,11086.0,8,100.0,False,12,car
0 days 00:00:48.643000,0 days 00:53:28.720000,2024-08-31 14:42:26.489,3295.23911140241,6907.0,10105.0,312.4642852571429,11159.214262857144,8,100.0,False,12,pos
0 days 00:00:48.718000,0 days 00:53:28.795000,2024-08-31 14:42:26.564,3301.7599447357434,6853.590710693581,10060.712293589791,313.0,11186.0,8,100.0,False,12,car
0 days 00:00:48.878000,0 days 00:53:28.955000,2024-08-31 14:42:26.724,3315.759944735743,6792.865280131315,10007.783407202596,315.0,11214.0,8,100.0,False,12,car
0 days 00:00:49.043000,0 days 00:53:29.120000,2024-08-31 14:42:26.889,3330.276220746854,6722.0,9945.0,316.71874933333334,11269.6874784,8,100.0,False,12,pos
0 days 00:00:49.203000,0 days 00:53:29.280000,2024-08-31 14:42:27.049,3344.4266836801876,6615.0,9852.0,318.385416,11323.6874784,8,100.0,False,12,pos
0 days 00:00:49.358000,0 days 00:53:29.435000,2024-08-31 14:42:27.204,3358.204461457965,6511.605200312985,9761.53146960166,320.0,11376.0,8,100.0,False,12,car
0 days 00:00:49.383000,0 days 00:53:29.460000,2024-08-31 14:42:27.229,3360.428543794473,6495.0,9747.0,320.26785645714284,11378.767850057144,8,100.0,False,12,pos
0 days 00:00:49.603000,0 days 00:53:29.680000,2024-08-31 14:42:27.449,3380.1445159747905,6347.0,9618.0,322.62499931428573,11403.124992914285,8,100.0,False,12,pos
0 days 00:00:49.638000,0 days 00:53:29.715000,2024-08-31 14:42:27.484,3383.284793752568,6323.239568671265,9597.403343586222,323.0,11407.0,8,100.0,False,12,car
0 days 00:00:49.823000,0 days 00:53:29.900000,2024-08-31 14:42:27.669,3399.978474275235,6197.0,9488.0,324.84999936,11510.59996416,8,100.0,False,12,pos
0 days 00:00:49.838000,0 days 00:53:29.915000,2024-08-31 14:42:27.684,3401.3326409419014,6186.738815539513,9479.035960237317,325.0,11519.0,8,100.0,False,12,car
0 days 00:00:50.003000,0 days 00:53:30.080000,2024-08-31 14:42:27.849,3416.2914950841237,6075.0,9381.0,326.3749994666667,11511.437502933333,8,100.0,False,12,pos
0 days 00:00:50.078000,0 days 00:53:30.155000,2024-08-31 14:42:27.924,3423.103995084124,6026.619882961931,9338.916255552092,327.0,11508.0,8,100.0,False,12,car
0 days 00:00:50.263000,0 days 00:53:30.340000,2024-08-31 14:42:28.109,3439.97606847333,5897.0,9227.0,328.3214281142857,11545.660701257142,8,100.0,False,12,pos
0 days 00:00:50.358000,0 days 00:53:30.435000,2024-08-31 14:42:28.204,3448.6580129177746,5808.17719847129,9150.07241213279,329.0,11565.0,8,100.0,False,12,car
0 days 00:00:50.523000,0 days 00:53:30.600000,2024-08-31 14:42:28.369,3463.791197420632,5648.0,9011.0,330.1785709714286,11632.17854537143,8,100.0,False,12,pos
0 days 00:00:50.638000,0 days 00:53:30.715000,2024-08-31 14:42:28.484,3474.3648085317427,5567.9711345311525,8941.229154668485,331.0,11679.0,8,100.0,False,12,car
0 days 00:00:50.878000,0 days 00:53:30.955000,2024-08-31 14:42:28.724,3496.4314751984098,5459.771674939168,8846.407846532635,331.0,11745.0,8,100.0,False,12,car
0 days 00:00:50.963000,0 days 00:53:31.040000,2024-08-31 14:42:28.809,3504.266822405521,5412.0,8805.0,331.84999936,11750.09999616,8,100.0,False,12,pos
0 days 00:00:51.078000,0 days 00:53:31.155000,2024-08-31 14:42:28.924,3514.9043224055213,5334.309046951481,8738.041000531508,333.0,11757.0,8,100.0,False,12,car
0 days 00:00:51.183000,0 days 00:53:31.260000,2024-08-31 14:42:29.029,3524.6359630188545,5258.0,8672.0,333.6562496,11785.2187328,8,100.0,False,12,pos
0 days 00:00:51.343000,0 days 00:53:31.420000,2024-08-31 14:42:29.189,3539.509574112188,5146.0,8574.0,334.6562496,11828.2187328,8,100.0,False,12,pos
0 days 00:00:51.398000,0 days 00:53:31.475000,2024-08-31 14:42:29.244,3544.627629667744,5110.031218578578,8542.744886607394,335.0,11843.0,8,100.0,False,12,car
0 days 00:00:51.483000,0 days 00:53:31.560000,2024-08-31 14:42:29.329,3552.547336683858,5048.0,8489.0,335.4228853883814,11835.388063009135,8,100.0,False,12,pos
0 days 00:00:51.599000,0 days 00:53:31.676000,2024-08-31 14:42:29.445,3563.3740033505246,4925.086460979316,8382.091712853562,336.0,11825.0,8,100.0,False,12,car
0 days 00:00:51.723000,0 days 00:53:31.800000,2024-08-31 14:42:29.569,3574.968692239414,4794.0,8268.0,336.62,11858.48,8,100.0,False,12,pos
0 days 00:00:51.799000,0 days 00:53:31.876000,2024-08-31 14:42:29.645,3582.0831366838584,4740.956067247662,8221.946151513273,337.0,11879.0,8,100.0,False,12,car
0 days 00:00:52.039000,0 days 00:53:32.116000,2024-08-31 14:42:29.885,3604.6164700171917,4650.741438254672,8144.05511021923,338.0,11973.0,8,100.0,False,12,car
0 days 00:00:52.063000,0 days 00:53:32.140000,2024-08-31 14:42:29.909,3606.869803350525,4638.0,8133.0,338.0,11970.5,8,100.0,False,12,pos
0 days 00:00:52.279000,0 days 00:53:32.356000,2024-08-31 14:42:30.125,3627.1498033505254,4481.70226031708,7996.968457919194,338.0,11948.0,8,100.0,False,12,car
0 days 00:00:52.342000,0 days 00:53:32.419000,2024-08-31 14:42:30.188,3633.064803350525,4437.0,7958.0,338.0,11943.799995733334,8,100.0,False,12,pos
0 days 00:00:52.519000,0 days 00:53:32.596000,2024-08-31 14:42:30.365,3649.6831366838583,4328.180888552676,7863.064703006281,338.0,11932.0,8,100.0,False,12,car
0 days 00:00:52.602000,0 days 00:53:32.679000,2024-08-31 14:42:30.448,3657.475914461636,4251.0,7796.0,338.0,11948.8964416,8,100.0,False,12,pos
0 days 00:00:52.782000,0 days 00:53:32.859000,2024-08-31 14:42:30.628,3674.375914461636,4010.0,7587.0,338.0,11985.539298742857,8,100.0,False,12,pos
0 days 00:00:52.799000,0 days 00:53:32.876000,2024-08-31 14:42:30.645,3675.9720255727475,3989.937512508148,7569.57459730449,338.0,11989.0,8,100.0,False,12,car
0 days 00:00:53.182000,0 days 00:53:33.259000,2024-08-31 14:42:31.028,3711.931470017192,3741.0,7352.0,338.0,11888.897710545454,8,100.0,False,12,pos
0 days 00:00:53.239000,0 days 00:53:33.316000,2024-08-31 14:42:31.085,3717.283136683858,3717.55832291819,7331.56592424641,338.0,11874.0,8,100.0,False,12,car
0 days 00:00:53.399000,0 days 00:53:33.476000,2024-08-31 14:42:31.245,3732.3498033505252,3655.969272350282,7278.185110535034,339.0,11855.0,8,100.0,False,12,car
0 days 00:00:53.482000,0 days 00:53:33.559000,2024-08-31 14:42:31.328,3740.1656366838583,3613.0,7241.0,339.0,11907.9125408,8,100.0,False,12,pos
0 days 00:00:53.559000,0 days 00:53:33.636000,2024-08-31 14:42:31.405,3747.4164700171914,3563.5827960159972,7198.229448668411,339.0,11957.0,8,100.0,False,12,car
0 days 00:00:53.722000,0 days 00:53:33.799000,2024-08-31 14:42:31.568,3762.7656366838582,3442.0,7093.0,339.0,11960.26000128,8,100.0,False,12,pos
0 days 00:00:53.759000,0 days 00:53:33.836000,2024-08-31 14:42:31.605,3766.249803350525,3415.141609124902,7069.758489744694,339.0,11961.0,8,100.0,False,12,car
0 days 00:00:53.919000,0 days 00:53:33.996000,2024-08-31 14:42:31.765,3781.2720255727468,3302.1190231294777,6971.841463379869,338.0,11979.0,8,97.0,False,12,car
0 days 00:00:53.922000,0 days 00:53:33.999000,2024-08-31 14:42:31.768,3781.5535880705247,3300.0,6970.0,337.87499733333334,11969.8498048,8,95.78747413333333,False,12,pos
0 days 00:00:54.159000,0 days 00:53:34.236000,2024-08-31 14:42:32.005,3803.1469214038584,3134.108220343165,6825.213667726804,328.0,11247.0,8,0.0,True,8,car
0 days 00:00:54.182000,0 days 00:53:34.259000,2024-08-31 14:42:32.028,3805.2130879887477,3119.0,6812.0,323.3999872,11146.7580544,8,0.0,True,8,pos
0 days 00:00:54.399000,0 days 00:53:34.476000,2024-08-31 14:42:32.245,3822.0908657665254,2985.4035088444252,6694.5917763698135,280.0,10201.0,8,0.0,True,8,car
0 days 00:00:54.442000,0 days 00:53:34.519000,2024-08-31 14:42:32.288,3825.368968677044,2958.0,6670.0,274.44582506666666,10210.1375136,8,0.0,True,8,pos
0 days 00:00:54.639000,0 days 00:53:34.716000,2024-08-31 14:42:32.485,3838.9948020103775,2827.132552547419,6549.76913957859,249.0,10252.0,8,0.0,True,8,car
0 days 00:00:54.683000,0 days 00:53:34.760000,2024-08-31 14:42:32.529,3841.963725869818,2802.0,6526.0,242.91195213606957,10260.578612899175,8,0.0,True,8,pos
0 days 00:00:54.798000,0 days 00:53:34.875000,2024-08-31 14:42:32.644,3849.215114758707,2748.2681023451537,6473.615670838289,227.0,10283.0,8,0.0,True,8,car
0 days 00:00:54.998000,0 days 00:53:35.075000,2024-08-31 14:42:32.844,3860.9928925364843,2688.883624212397,6408.090641303974,212.0,10657.0,8,0.0,True,8,car
0 days 00:00:55.103000,0 days 00:53:35.180000,2024-08-31 14:42:32.949,3867.1124238253733,2661.0,6371.0,209.81250133333333,10560.312558933334,8,0.43749973333333336,True,8,pos
0 days 00:00:55.238000,0 days 00:53:35.315000,2024-08-31 14:42:33.084,3874.874923825373,2625.5866316187307,6317.158486249009,207.0,10436.0,6,1.0,True,8,car
0 days 00:00:55.303000,0 days 00:53:35.380000,2024-08-31 14:42:33.149,3878.5757485142617,2610.0,6289.0,204.968752,10321.4376128,6,2.2187488,True,8,pos
0 days 00:00:55.398000,0 days 00:53:35.475000,2024-08-31 14:42:33.244,3883.9063040698175,2589.9533983716874,6245.3802882748505,202.0,10154.0,5,4.0,False,8,car
0 days 00:00:55.403000,0 days 00:53:35.480000,2024-08-31 14:42:33.249,3884.1866860164837,2589.0,6243.0,201.8750016,10147.607224685715,5,4.3749952,False,8,pos
0 days 00:00:55.663000,0 days 00:53:35.740000,2024-08-31 14:42:33.509,3898.297102798706,2554.0,6109.0,195.3750016,9815.178653257142,5,23.8749952,False,8,pos
0 days 00:00:55.678000,0 days 00:53:35.755000,2024-08-31 14:42:33.524,3899.109602798706,2552.8359631167955,6100.863992188798,195.0,9796.0,5,25.0,False,8,car
0 days 00:00:55.838000,0 days 00:53:35.915000,2024-08-31 14:42:33.684,3907.6429361320397,2545.5635487579825,6012.120900088691,192.0,10141.0,5,45.0,False,8,car
0 days 00:00:55.863000,0 days 00:53:35.940000,2024-08-31 14:42:33.709,3908.9769928431506,2545.0,5998.0,192.1041664,10131.3125248,5,46.2499968,False,8,pos
0 days 00:00:56.023000,0 days 00:53:36.100000,2024-08-31 14:42:33.869,3917.5445854238915,2544.0,5908.0,192.77083306666665,10069.3125248,5,54.2499968,False,8,pos
0 days 00:00:56.078000,0 days 00:53:36.155000,2024-08-31 14:42:33.924,3920.4931965350024,2544.3888201247105,5879.212179621472,193.0,10048.0,5,57.0,False,8,car
0 days 00:00:56.278000,0 days 00:53:36.355000,2024-08-31 14:42:34.124,3931.27097431278,2546.0450721971615,5766.692917698177,194.0,10245.0,5,79.0,False,8,car
0 days 00:00:56.283000,0 days 00:53:36.360000,2024-08-31 14:42:34.129,3931.540661809669,2546.0,5763.0,194.17499776,10253.94988544,5,79.26249664,False,8,pos
0 days 00:00:56.483000,0 days 00:53:36.560000,2024-08-31 14:42:34.329,3942.7170505741133,2541.0,5597.0,201.17499776,10611.94988544,5,89.76249664,False,8,pos
0 days 00:00:56.678000,0 days 00:53:36.755000,2024-08-31 14:42:34.524,3953.98371724078,2535.528528096218,5514.984503910147,208.0,10961.0,5,100.0,False,8,car
0 days 00:00:56.803000,0 days 00:53:36.880000,2024-08-31 14:42:34.649,3961.2692351481874,2528.0,5471.0,209.82291573333333,11068.8124448,5,100.0,False,8,pos
0 days 00:00:57.143000,0 days 00:53:37.220000,2024-08-31 14:42:34.989,3981.5541308933725,2480.0,5279.0,214.78124906666667,11362.0624448,5,100.0,False,8,pos
0 days 00:00:57.158000,0 days 00:53:37.235000,2024-08-31 14:42:35.004,3982.449964226706,2477.011023453491,5270.324557775865,215.0,11375.0,5,100.0,False,8,car
0 days 00:00:57.343000,0 days 00:53:37.420000,2024-08-31 14:42:35.189,3993.70984069683,2435.0,5167.0,219.1111096888889,11503.98606648889,5,100.0,False,8,pos
0 days 00:00:57.403000,0 days 00:53:37.480000,2024-08-31 14:42:35.249,3997.3839147472,2420.0,5134.0,220.44444302222223,11545.819399822221,5,100.0,False,8,pos
0 days 00:00:57.518000,0 days 00:53:37.595000,2024-08-31 14:42:35.364,4004.507525858311,2390.432460078302,5074.2361337777775,223.0,11626.0,5,100.0,False,8,car
0 days 00:00:57.623000,0 days 00:53:37.700000,2024-08-31 14:42:35.469,4011.072942487644,2355.0,5016.0,225.09999872,11707.3749504,5,100.0,False,8,pos
0 days 00:00:57.718000,0 days 00:53:37.795000,2024-08-31 14:42:35.564,4017.0632202654224,2310.263458993678,4954.213191913025,227.0,11781.0,5,100.0,False,8,car
0 days 00:00:57.943000,0 days 00:53:38.020000,2024-08-31 14:42:35.789,4031.5234002916036,2187.0,4806.0,231.362880418904,11135.916966633478,5,100.0,False,8,pos
0 days 00:00:58.079000,0 days 00:53:38.156000,2024-08-31 14:42:35.925,4040.3634002916037,2135.6132230390763,4752.168820006424,234.0,10746.0,5,100.0,False,8,car
0 days 00:00:58.239000,0 days 00:53:38.316000,2024-08-31 14:42:36.085,4050.9856225138255,2087.9643941989616,4707.953617091458,239.0,10895.0,6,100.0,False,8,car
0 days 00:00:58.303000,0 days 00:53:38.380000,2024-08-31 14:42:36.149,4055.262955847159,2064.0,4683.0,240.6,10956.866666666667,6,100.0,False,8,pos
0 days 00:00:58.479000,0 days 00:53:38.556000,2024-08-31 14:42:36.325,4067.240733624937,1986.667909521596,4595.039756755735,245.0,11127.0,6,100.0,False,8,car
0 days 00:00:58.483000,0 days 00:53:38.560000,2024-08-31 14:42:36.329,4067.5130002916035,1985.0,4593.0,245.04,11133.34,6,100.0,False,8,pos
0 days 00:00:58.663000,0 days 00:53:38.740000,2024-08-31 14:42:36.509,4079.8550002916036,1917.0,4495.0,246.84,11418.64,6,100.0,False,8,pos
0 days 00:00:58.679000,0 days 00:53:38.756000,2024-08-31 14:42:36.525,4080.9527780693816,1911.0240662737674,4483.6016053788635,247.0,11444.0,6,100.0,False,8,car
0 days 00:00:58.839000,0 days 00:53:38.916000,2024-08-31 14:42:36.685,4092.1083336249367,1849.553234118403,4337.355812959237,251.0,11453.0,6,100.0,False,8,car
0 days 00:00:59.002000,0 days 00:53:39.079000,2024-08-31 14:42:36.848,4103.575559745431,1800.0,4195.0,253.2638897777778,11502.352797155556,6,100.0,False,8,pos
0 days 00:00:59.199000,0 days 00:53:39.276000,2024-08-31 14:42:37.045,4117.584448634319,1775.6660850323817,4106.093094822972,256.0,11562.0,6,100.0,False,8,car
0 days 00:00:59.342000,0 days 00:53:39.419000,2024-08-31 14:42:37.188,4127.810140326408,1765.0,4040.0,257.43000064,11569.1500032,6,100.0,False,8,pos
0 days 00:00:59.399000,0 days 00:53:39.476000,2024-08-31 14:42:37.245,4131.895140326408,1759.2399612960496,4002.6785850050246,258.0,11572.0,6,100.0,False,8,car
0 days 00:00:59.522000,0 days 00:53:39.599000,2024-08-31 14:42:37.368,4140.815202881075,1746.0,3911.0,261.0750016,11227.5998208,6,100.0,False,8,pos
0 days 00:00:59.599000,0 days 00:53:39.676000,2024-08-31 14:42:37.445,4146.440480658852,1739.5247432203696,3857.2685526060286,263.0,11012.0,6,100.0,False,8,car
0 days 00:00:59.682000,0 days 00:53:39.759000,2024-08-31 14:42:37.528,4152.512065155741,1733.0,3794.0,263.3458336,10859.4873824,6,100.0,False,8,pos
0 days 00:00:59.839000,0 days 00:53:39.916000,2024-08-31 14:42:37.685,4164.025398489074,1718.1024567024285,3630.967796761004,264.0,10571.0,7,100.0,False,8,car
0 days 00:01:00.062000,0 days 00:53:40.139000,2024-08-31 14:42:37.908,4180.535704720994,1699.0,3409.0,266.53409163636366,10722.031861527274,7,100.0,False,8,pos
0 days 00:01:00.279000,0 days 00:53:40.356000,2024-08-31 14:42:38.125,4196.750426943217,1692.0761530279603,3338.4441478472104,269.0,10869.0,7,100.0,False,8,car
0 days 00:01:00.322000,0 days 00:53:40.399000,2024-08-31 14:42:38.168,4199.968985483153,1690.0,3319.0,269.46071497142856,10891.728605257143,7,100.0,False,8,pos
0 days 00:01:00.502000,0 days 00:53:40.579000,2024-08-31 14:42:38.348,4213.5384498031535,1676.0,3184.0,271.3892864,10986.8714624,7,100.0,False,8,pos
0 days 00:01:00.559000,0 days 00:53:40.636000,2024-08-31 14:42:38.405,4217.84511646982,1670.6414557885316,3128.877744401867,272.0,11017.0,7,100.0,False,8,car
0 days 00:01:00.799000,0 days 00:53:40.876000,2024-08-31 14:42:38.645,4236.5784498031535,1646.789020899384,2868.196626773656,281.0,11158.0,7,100.0,False,8,car
0 days 00:01:00.862000,0 days 00:53:40.939000,2024-08-31 14:42:38.708,4241.506974814353,1642.0,2815.0,281.63000064,11164.61500672,7,100.0,False,8,pos
0 days 00:01:00.999000,0 days 00:53:41.076000,2024-08-31 14:42:38.845,4252.276697036576,1634.603869948421,2732.575823346565,283.0,11179.0,7,100.0,False,8,car
0 days 00:01:01.159000,0 days 00:53:41.236000,2024-08-31 14:42:39.005,4264.898919258798,1628.526718191174,2664.8486066119876,284.0,11294.0,7,100.0,False,8,car
0 days 00:01:01.223000,0 days 00:53:41.300000,2024-08-31 14:42:39.069,4269.959185925464,1625.0,2626.0,284.64,11321.2,7,100.0,False,8,pos
0 days 00:01:01.359000,0 days 00:53:41.436000,2024-08-31 14:42:39.205,4280.763630369909,1615.3351126901762,2520.2131851832933,286.0,11379.0,7,100.0,False,8,car
0 days 00:01:01.403000,0 days 00:53:41.480000,2024-08-31 14:42:39.249,4284.265929219131,1612.0,2484.0,286.5517240272403,11390.172411551617,7,100.0,False,8,pos
0 days 00:01:01.643000,0 days 00:53:41.720000,2024-08-31 14:42:39.489,4303.570004406611,1594.0,2291.0,289.5611278121875,11451.112838196797,7,100.0,False,8,pos
0 days 00:01:01.678000,0 days 00:53:41.755000,2024-08-31 14:42:39.524,4306.389448851055,1591.3802225035301,2262.9713165498856,290.0,11460.0,7,100.0,False,8,car
0 days 00:01:01.838000,0 days 00:53:41.915000,2024-08-31 14:42:39.684,4319.367226628833,1579.3862380881149,2134.423909407009,292.0,11541.0,7,100.0,False,8,car
0 days 00:01:01.883000,0 days 00:53:41.960000,2024-08-31 14:42:39.729,4323.022500058833,1576.0,2098.0,292.4218744,11491.3594456,7,100.0,False,8,pos
0 days 00:01:02.123000,0 days 00:53:42.200000,2024-08-31 14:42:39.969,4342.6672916855,1558.0,1902.0,294.6718744,11226.6094456,7,100.0,False,8,pos
0 days 00:01:02.158000,0 days 00:53:42.235000,2024-08-31 14:42:40.004,4345.535347241055,1555.4509090791578,1873.4251766535933,295.0,11188.0,7,100.0,False,8,car
0 days 00:01:02.303000,0 days 00:53:42.380000,2024-08-31 14:42:40.149,4357.472044265499,1545.0,1755.0,296.3593744,10952.375104,7,100.0,False,8,pos
0 days 00:01:02.478000,0 days 00:53:42.555000,2024-08-31 14:42:40.324,4371.95815537661,1531.9135643765617,1610.6839174008094,298.0,10668.0,8,100.0,False,8,car
0 days 00:01:02.503000,0 days 00:53:42.580000,2024-08-31 14:42:40.349,4374.02904657661,1530.0,1590.0,298.2083328,10680.8124672,8,100.0,False,8,pos
0 days 00:01:02.683000,0 days 00:53:42.760000,2024-08-31 14:42:40.529,4389.01446321661,1516.0,1441.0,299.7083328,10773.0624672,8,100.0,False,8,pos
0 days 00:01:02.718000,0 days 00:53:42.795000,2024-08-31 14:42:40.564,4391.931129883277,1513.2782334338704,1412.1088663098822,300.0,10791.0,8,100.0,False,8,car
0 days 00:01:02.863000,0 days 00:53:42.940000,2024-08-31 14:42:40.709,4404.080829980247,1502.0,1291.0,301.64772654545453,10807.806810763637,8,100.0,False,8,pos
0 days 00:01:03.023000,0 days 00:53:43.100000,2024-08-31 14:42:40.869,4417.568203685298,1490.0,1157.0,303.46590836363634,10826.352265309091,8,100.0,False,8,pos
0 days 00:01:03.158000,0 days 00:53:43.235000,2024-08-31 14:42:41.004,4429.005703685298,1483.3293888600497,1084.5719444000908,305.0,10842.0,8,100.0,False,8,car
0 days 00:01:03.358000,0 days 00:53:43.435000,2024-08-31 14:42:41.204,4446.061259240852,1466.576893302988,904.226284845861,307.0,10945.0,8,100.0,False,8,car
0 days 00:01:03.383000,0 days 00:53:43.460000,2024-08-31 14:42:41.229,4448.194071738631,1462.0,854.0,307.12499968,10951.249984,8,100.0,False,8,pos
0 days 00:01:03.463000,0 days 00:53:43.540000,2024-08-31 14:42:41.309,4455.0279606204085,1445.0,667.0,307.52499968,10971.249984,8,100.0,False,8,pos
0 days 00:01:03.558000,0 days 00:53:43.635000,2024-08-31 14:42:41.404,4463.155738398186,1431.4849883656586,519.3020549274462,308.0,10995.0,8,100.0,False,8,car
0 days 00:01:03.718000,0 days 00:53:43.795000,2024-08-31 14:42:41.564,4476.9335161759645,1427.6479775644036,481.3960569320376,310.0,11014.0,8,100.0,False,8,car
0 days 00:01:03.863000,0 days 00:53:43.940000,2024-08-31 14:42:41.709,4489.419627287075,1424.0,444.0,310.0,11035.7499904,8,100.0,False,8,pos
0 days 00:01:03.878000,0 days 00:53:43.955000,2024-08-31 14:42:41.724,4490.711293953742,1423.2510404056616,435.90958399780664,310.0,11038.0,8,100.0,False,8,car
0 days 00:01:04.118000,0 days 00:53:44.195000,2024-08-31 14:42:41.964,4511.511293953741,1404.132825812059,226.16461208373215,312.0,11113.0,8,100.0,False,8,car
0 days 00:01:04.143000,0 days 00:53:44.220000,2024-08-31 14:42:41.989,4513.679407375964,1402.0,203.0,312.2083328,11121.611089066666,8,100.0,False,8,pos
0 days 00:01:04.403000,0 days 00:53:44.480000,2024-08-31 14:42:42.249,4536.384268448557,1381.0,-22.0,314.3749994666667,11211.166644622223,8,100.0,False,8,pos
0 days 00:01:04.478000,0 days 00:53:44.555000,2024-08-31 14:42:42.324,4542.946768448556,1374.9687597808684,-87.37911374682476,315.0,11237.0,8,100.0,False,8,car
0 days 00:01:04.503000,0 days 00:53:44.580000,2024-08-31 14:42:42.349,4545.134809291862,1373.0,-109.0,315.0778814360885,11241.828649037489,8,100.0,False,8,pos
0 days 00:01:04.683000,0 days 00:53:44.760000,2024-08-31 14:42:42.529,4560.916740752435,1359.0,-266.0,315.6386292114401,11276.595011109286,8,100.0,False,8,pos
0 days 00:01:04.799000,0 days 00:53:44.876000,2024-08-31 14:42:42.645,4571.098962974656,1347.9036830211476,-387.31940399958415,316.0,11299.0,8,100.0,False,8,car
0 days 00:01:04.959000,0 days 00:53:45.036000,2024-08-31 14:42:42.805,4585.1434074191,1331.9879896458535,-559.2842755114003,316.0,11292.0,8,100.0,False,8,car
0 days 00:01:04.983000,0 days 00:53:45.060000,2024-08-31 14:42:42.829,4587.251788371481,1330.0,-581.0,316.25714285714287,11287.542857142857,8,100.0,False,8,pos
0 days 00:01:05.239000,0 days 00:53:45.316000,2024-08-31 14:42:43.085,4609.936232815925,1314.3787396579291,-755.306336370375,319.0,11240.0,8,100.0,False,8,car
0 days 00:01:05.342000,0 days 00:53:45.419000,2024-08-31 14:42:43.188,4619.073702068496,1306.0,-845.0,319.36785737142856,11256.553581714286,8,100.0,False,8,pos
0 days 00:01:05.482000,0 days 00:53:45.559000,2024-08-31 14:42:43.328,4631.51300763294,1291.0,-1002.0,319.86785737142856,11279.053581714286,8,100.0,False,8,pos
0 days 00:01:05.519000,0 days 00:53:45.596000,2024-08-31 14:42:43.365,4634.801896521829,1287.343927781941,-1040.7231020925656,320.0,11285.0,8,100.0,False,8,car
0 days 00:01:05.762000,0 days 00:53:45.839000,2024-08-31 14:42:43.608,4656.447459033829,1268.0,-1251.0,320.6750001777778,11397.05002951111,8,100.0,False,8,pos
0 days 00:01:05.879000,0 days 00:53:45.956000,2024-08-31 14:42:43.725,4666.879959033829,1259.452146744998,-1343.4339108422273,321.0,11451.0,8,100.0,False,8,car
0 days 00:01:05.982000,0 days 00:53:46.059000,2024-08-31 14:42:43.828,4676.082544114718,1250.0,-1446.0,321.6437504,11486.406272,8,100.0,False,8,pos
0 days 00:01:06.039000,0 days 00:53:46.116000,2024-08-31 14:42:43.885,4681.180877448051,1243.2402134943798,-1519.8427938026853,322.0,11506.0,8,100.0,False,8,car
0 days 00:01:06.222000,0 days 00:53:46.299000,2024-08-31 14:42:44.068,4697.600891355014,1219.0,-1786.0,323.01666702222224,11490.749994666667,8,100.0,False,8,pos
0 days 00:01:06.399000,0 days 00:53:46.476000,2024-08-31 14:42:44.245,4713.530891355014,1204.9386275051315,-1941.6189890144396,324.0,11476.0,8,100.0,False,8,car
0 days 00:01:06.599000,0 days 00:53:46.676000,2024-08-31 14:42:44.445,4731.530891355014,1195.5264291025499,-2045.0393541986023,324.0,11456.0,8,100.0,False,8,car
0 days 00:01:06.642000,0 days 00:53:46.719000,2024-08-31 14:42:44.488,4735.403744754322,1193.0,-2072.0,324.23888924444447,11474.036137955556,8,100.0,False,8,pos
0 days 00:01:06.942000,0 days 00:53:47.019000,2024-08-31 14:42:44.788,4762.562541080248,1171.0,-2306.0,325.9055559111111,11599.869471288888,8,100.0,False,8,pos
0 days 00:01:06.959000,0 days 00:53:47.036000,2024-08-31 14:42:44.805,4764.101985524693,1169.6659991635893,-2320.8823285617223,326.0,11607.0,8,100.0,False,8,car
0 days 00:01:07.142000,0 days 00:53:47.219000,2024-08-31 14:42:44.988,4780.720164707626,1155.0,-2487.0,326.91500032,11585.95499264,8,100.0,False,8,pos
0 days 00:01:07.159000,0 days 00:53:47.236000,2024-08-31 14:42:45.005,4782.264331374294,1153.5852540361618,-2502.4682379976475,327.0,11584.0,8,100.0,False,8,car
0 days 00:01:07.359000,0 days 00:53:47.436000,2024-08-31 14:42:45.205,4800.43099804096,1136.509070698771,-2683.1098810690787,327.0,11622.0,8,100.0,False,8,car
0 days 00:01:07.402000,0 days 00:53:47.479000,2024-08-31 14:42:45.248,4804.340041448516,1133.0,-2722.0,327.2687504,11610.4437328,8,100.0,False,8,pos
0 days 00:01:07.519000,0 days 00:53:47.596000,2024-08-31 14:42:45.365,4815.000041448517,1123.8403077632877,-2828.1445892212973,328.0,11579.0,8,100.0,False,8,car
0 days 00:01:07.542000,0 days 00:53:47.619000,2024-08-31 14:42:45.388,4817.0960562067385,1122.0,-2849.0,328.0718752,11578.1374976,8,100.0,False,8,pos
0 days 00:01:07.743000,0 days 00:53:47.820000,2024-08-31 14:42:45.589,4835.448472873404,1105.0,-3031.0,328.7,11570.6,8,100.0,False,8,pos
0 days 00:01:07.839000,0 days 00:53:47.916000,2024-08-31 14:42:45.685,4844.221806206738,1096.9863358378361,-3118.3996345610294,329.0,11567.0,8,100.0,False,8,car
0 days 00:01:07.923000,0 days 00:53:48,2024-08-31 14:42:45.769,4851.906639540071,1090.0,-3195.0,329.35,11577.15,8,100.0,False,8,pos
0 days 00:01:08.079000,0 days 00:53:48.156000,2024-08-31 14:42:45.925,4866.206639540071,1076.8060059762126,-3337.099193877374,330.0,11596.0,8,100.0,False,8,car
0 days 00:01:08.183000,0 days 00:53:48.260000,2024-08-31 14:42:46.029,4875.739972873405,1068.0,-3432.0,330.0,11661.326612156265,8,100.0,False,8,pos
0 days 00:01:08.278000,0 days 00:53:48.355000,2024-08-31 14:42:46.124,4884.448306206738,1060.0255376222142,-3518.9513818130654,330.0,11721.0,8,100.0,False,8,car
0 days 00:01:08.443000,0 days 00:53:48.520000,2024-08-31 14:42:46.289,4899.5733062067375,1046.0,-3670.0,330.0,11681.8125152,8,100.0,False,8,pos
0 days 00:01:08.518000,0 days 00:53:48.595000,2024-08-31 14:42:46.364,4906.4483062067375,1039.3473510482709,-3738.321699835549,330.0,11664.0,8,100.0,False,8,car
0 days 00:01:08.643000,0 days 00:53:48.720000,2024-08-31 14:42:46.489,4917.9066395400705,1028.0,-3852.0,330.0,11654.6250048,8,100.0,False,8,pos
0 days 00:01:08.678000,0 days 00:53:48.755000,2024-08-31 14:42:46.524,4921.1149728734035,1024.809452238948,-3883.8836593812957,330.0,11652.0,8,100.0,False,8,car
0 days 00:01:08.838000,0 days 00:53:48.915000,2024-08-31 14:42:46.684,4935.78163954007,1010.1533201173694,-4029.907782838651,330.0,11684.0,8,100.0,False,8,car
0 days 00:01:08.883000,0 days 00:53:48.960000,2024-08-31 14:42:46.729,4939.90663954007,1006.0,-4071.0,330.0,11675.0000128,8,100.0,False,8,pos
0 days 00:01:08.998000,0 days 00:53:49.075000,2024-08-31 14:42:46.844,4950.4483062067375,995.2952990892991,-4175.996077897915,330.0,11652.0,8,100.0,False,8,car
0 days 00:01:09.043000,0 days 00:53:49.120000,2024-08-31 14:42:46.889,4954.5733062067375,991.0,-4217.0,330.0,11646.9375072,8,100.0,False,8,pos
0 days 00:01:09.158000,0 days 00:53:49.235000,2024-08-31 14:42:47.004,4965.1149728734035,979.6334303968353,-4321.616216973859,330.0,11634.0,8,100.0,False,8,car
0 days 00:01:09.203000,0 days 00:53:49.280000,2024-08-31 14:42:47.049,4969.238566625404,975.0,-4363.0,329.88750016,11568.07509376,8,88.750016,False,8,pos
0 days 00:01:09.423000,0 days 00:53:49.500000,2024-08-31 14:42:47.269,4989.364747190737,950.0,-4570.0,329.33750016,11245.77509376,8,33.750016,False,8,pos
0 days 00:01:09.558000,0 days 00:53:49.635000,2024-08-31 14:42:47.404,5001.702247190738,931.0802469807464,-4696.975888304564,329.0,11048.0,8,0.0,True,8,car
0 days 00:01:09.643000,0 days 00:53:49.720000,2024-08-31 14:42:47.489,5009.159226591626,919.0,-4771.0,315.82500992,10870.13763392,8,0.0,True,8,pos
0 days 00:01:09.883000,0 days 00:53:49.960000,2024-08-31 14:42:47.729,5027.734227252959,882.0,-4958.0,278.62500992,10367.93763392,8,0.0,True,8,pos
0 days 00:01:09.958000,0 days 00:53:50.035000,2024-08-31 14:42:47.804,5033.296727252959,863.1291411209754,-5029.2718950965545,267.0,10211.0,8,0.0,True,8,car
0 days 00:01:10.158000,0 days 00:53:50.235000,2024-08-31 14:42:48.004,5047.1300605862925,805.1493614478749,-5222.4070478616295,249.0,10322.0,7,0.0,True,8,car
0 days 00:01:10.163000,0 days 00:53:50.240000,2024-08-31 14:42:48.009,5047.475488832218,804.0,-5226.0,248.70833706666667,10317.583389866666,7,0.013888711111111111,True,8,pos
0 days 00:01:10.518000,0 days 00:53:50.595000,2024-08-31 14:42:48.364,5069.958822165551,745.2396759262301,-5362.8003064295535,228.0,10004.0,6,1.0,True,8,car
0 days 00:01:10.523000,0 days 00:53:50.600000,2024-08-31 14:42:48.369,5070.275488832218,744.0,-5365.0,228.0,10019.5310512,6,1.0624992,True,8,pos
0 days 00:01:10.678000,0 days 00:53:50.755000,2024-08-31 14:42:48.524,5080.0921554988845,696.4219294966124,-5446.047287505754,228.0,10501.0,6,3.0,True,8,car
0 days 00:01:10.703000,0 days 00:53:50.780000,2024-08-31 14:42:48.549,5081.669412458885,688.0,-5459.0,227.12500224,10552.74986752,6,4.12499712,True,8,pos
0 days 00:01:10.863000,0 days 00:53:50.940000,2024-08-31 14:42:48.709,5091.514968113996,631.0,-5534.0,221.52500224,10883.94986752,6,11.324997119999999,True,8,pos
0 days 00:01:10.878000,0 days 00:53:50.955000,2024-08-31 14:42:48.724,5092.435801447329,625.0608554688586,-5540.688542562247,221.0,10915.0,6,12.0,False,8,car
0 days 00:01:11.078000,0 days 00:53:51.155000,2024-08-31 14:42:48.924,5104.213579225107,534.334774005487,-5626.391194338559,212.0,10830.0,5,24.0,False,8,car
0 days 00:01:11.223000,0 days 00:53:51.300000,2024-08-31 14:42:49.069,5112.6693325050255,464.0,-5678.0,209.93594350142484,10792.846983025647,5,39.99643786395738,False,8,pos
0 days 00:01:11.359000,0 days 00:53:51.436000,2024-08-31 14:42:49.205,5120.527110282803,399.18165700102105,-5714.985481317115,208.0,10758.0,5,55.0,False,8,car
0 days 00:01:11.483000,0 days 00:53:51.560000,2024-08-31 14:42:49.329,5127.691554727247,342.0,-5742.0,208.0,10768.075,5,56.55,False,8,pos
0 days 00:01:11.519000,0 days 00:53:51.596000,2024-08-31 14:42:49.365,5129.771554727247,325.8965371004924,-5749.124120481208,208.0,10771.0,5,57.0,False,8,car
0 days 00:01:11.783000,0 days 00:53:51.860000,2024-08-31 14:42:49.629,5145.186221393914,176.0,-5790.0,210.2,10877.15,5,79.0,False,8,pos
0 days 00:01:11.942000,0 days 00:53:52.019000,2024-08-31 14:42:49.788,5154.528575584136,13.0,-5802.0,211.52500053333333,10941.081275733333,5,92.25000533333333,False,8,pos
0 days 00:01:11.999000,0 days 00:53:52.076000,2024-08-31 14:42:49.845,5157.885242250803,-28.087497201290454,-5803.468147601923,212.0,10964.0,5,97.0,False,8,car
0 days 00:01:12.159000,0 days 00:53:52.236000,2024-08-31 14:42:50.005,5167.396353361914,-77.38262716644458,-5799.461028592962,214.0,11264.0,5,100.0,False,8,car
0 days 00:01:12.282000,0 days 00:53:52.359000,2024-08-31 14:42:50.128,5174.78681694458,-118.0,-5790.0,216.3062512,11415.4438288,5,100.0,False,8,pos
0 days 00:01:12.479000,0 days 00:53:52.556000,2024-08-31 14:42:50.325,5186.825705833469,-235.02237184224407,-5764.475217336177,220.0,11658.0,5,100.0,False,8,car
0 days 00:01:12.522000,0 days 00:53:52.599000,2024-08-31 14:42:50.368,5189.468463957618,-262.0,-5757.0,221.25416853333334,11649.041653333334,5,100.0,False,8,pos
0 days 00:01:12.682000,0 days 00:53:52.759000,2024-08-31 14:42:50.528,5199.509389966507,-356.0,-5724.0,225.9208352,11615.70832,5,100.0,False,8,pos
0 days 00:01:12.719000,0 days 00:53:52.796000,2024-08-31 14:42:50.565,5201.842445522062,-376.5628460330681,-5715.980395919148,227.0,11608.0,5,100.0,False,8,car
0 days 00:01:12.942000,0 days 00:53:53.019000,2024-08-31 14:42:50.788,5216.150506108728,-514.0,-5648.0,230.982144,10836.2604928,5,100.0,False,8,pos
0 days 00:01:12.999000,0 days 00:53:53.076000,2024-08-31 14:42:50.845,5219.823839442061,-564.7723762661201,-5615.180013384303,232.0,10639.0,6,100.0,False,8,car
0 days 00:01:13.162000,0 days 00:53:53.239000,2024-08-31 14:42:51.008,5230.38978622547,-716.0,-5509.0,233.35833386666667,10690.616686933334,6,100.0,False,8,pos
0 days 00:01:13.239000,0 days 00:53:53.316000,2024-08-31 14:42:51.085,5235.39478622547,-758.408425528382,-5477.620885642852,234.0,10715.0,6,100.0,False,8,car
0 days 00:01:13.439000,0 days 00:53:53.516000,2024-08-31 14:42:51.285,5248.783675114358,-798.3899950028245,-5439.3501199036255,241.0,10933.0,6,100.0,False,8,car
0 days 00:01:13.502000,0 days 00:53:53.579000,2024-08-31 14:42:51.348,5253.01620922054,-816.0,-5420.0,241.8590917818182,10972.661403927274,6,100.0,False,8,pos
0 days 00:01:13.879000,0 days 00:53:53.956000,2024-08-31 14:42:51.725,5278.88259810943,-1010.355064192314,-5194.270997700522,247.0,11210.0,6,100.0,False,8,car
0 days 00:01:13.882000,0 days 00:53:53.959000,2024-08-31 14:42:51.728,5279.08848144383,-1012.0,-5192.0,247.06000128,11213.16506752,6,100.0,False,8,pos
0 days 00:01:14.079000,0 days 00:53:54.156000,2024-08-31 14:42:51.925,5292.823759221606,-1113.6635537368925,-5034.633732588319,251.0,11421.0,6,100.0,False,8,car
0 days 00:01:14.162000,0 days 00:53:54.239000,2024-08-31 14:42:52.008,5298.651709650052,-1147.0,-4978.0,252.7785728,11453.3107392,6,100.0,False,8,pos
0 days 00:01:14.359000,0 days 00:53:54.436000,2024-08-31 14:42:52.205,5312.715320761163,-1194.9583434170231,-4888.321376855611,257.0,11530.0,6,100.0,False,8,car
0 days 00:01:14.563000,0 days 00:53:54.640000,2024-08-31 14:42:52.409,5327.423154094497,-1230.0,-4810.0,259.55,11252.6875,6,100.0,False,8,pos
0 days 00:01:14.679000,0 days 00:53:54.756000,2024-08-31 14:42:52.525,5335.833154094496,-1258.1246949530691,-4747.742990518168,261.0,11095.0,6,100.0,False,8,car
0 days 00:01:14.803000,0 days 00:53:54.880000,2024-08-31 14:42:52.649,5344.929931872274,-1297.0,-4648.0,264.1,10700.525,6,100.0,False,8,pos
0 days 00:01:14.839000,0 days 00:53:54.916000,2024-08-31 14:42:52.685,5347.579931872275,-1310.4520589603726,-4608.706192378814,265.0,10586.0,7,100.0,False,8,car
0 days 00:01:15.003000,0 days 00:53:55.080000,2024-08-31 14:42:52.849,5359.745933706762,-1374.0,-4407.0,267.05857685460705,10586.0,7,100.0,False,8,pos
0 days 00:01:15.078000,0 days 00:53:55.155000,2024-08-31 14:42:52.924,5365.329267040096,-1393.6389998290163,-4340.666884110585,268.0,10586.0,7,100.0,False,8,car
0 days 00:01:15.398000,0 days 00:53:55.475000,2024-08-31 14:42:53.244,5389.77371148454,-1421.7984722328547,-4209.2378090988,275.0,10949.0,7,100.0,False,8,car
0 days 00:01:15.443000,0 days 00:53:55.520000,2024-08-31 14:42:53.289,5393.21402398054,-1426.0,-4186.0,275.22499968,10970.59996928,7,100.0,False,8,pos
0 days 00:01:15.598000,0 days 00:53:55.675000,2024-08-31 14:42:53.444,5405.0973573138735,-1445.0435095867097,-4081.1846781389927,276.0,11045.0,7,100.0,False,8,car
0 days 00:01:15.663000,0 days 00:53:55.740000,2024-08-31 14:42:53.509,5410.095360771651,-1454.0,-4020.0,276.8124992,11088.8749568,7,100.0,False,8,pos
0 days 00:01:15.863000,0 days 00:53:55.940000,2024-08-31 14:42:53.709,5425.612721838318,-1480.0,-3787.0,279.3124992,11223.8749568,7,100.0,False,8,pos
0 days 00:01:15.918000,0 days 00:53:55.995000,2024-08-31 14:42:53.764,5429.890499616096,-1484.5168291741136,-3738.9392481347777,280.0,11261.0,7,100.0,False,8,car
0 days 00:01:16.223000,0 days 00:53:56.300000,2024-08-31 14:42:54.069,5454.06492660454,-1492.0,-3582.0,285.33749888,11330.38748544,7,100.0,False,8,pos
0 days 00:01:16.318000,0 days 00:53:56.395000,2024-08-31 14:42:54.164,5461.638537715651,-1494.064263946246,-3513.3375990940676,287.0,11352.0,7,100.0,False,8,car
0 days 00:01:16.503000,0 days 00:53:56.580000,2024-08-31 14:42:54.349,5476.466373336392,-1498.0,-3358.0,288.5416661333333,11449.1249664,7,100.0,False,8,pos
0 days 00:01:16.663000,0 days 00:53:56.740000,2024-08-31 14:42:54.509,5489.349706646021,-1499.0,-3229.0,289.8749994666667,11533.1249664,7,100.0,False,8,pos
0 days 00:01:16.678000,0 days 00:53:56.755000,2024-08-31 14:42:54.524,5490.558039979354,-1499.0119632213784,-3214.7068880390098,290.0,11541.0,7,100.0,False,8,car
0 days 00:01:16.923000,0 days 00:53:57,2024-08-31 14:42:54.769,5510.479413387749,-1498.0,-2952.0,292.7222215111111,11622.666645333333,7,100.0,False,8,pos
0 days 00:01:17.038000,0 days 00:53:57.115000,2024-08-31 14:42:54.884,5519.871080054416,-1497.3832969045511,-2875.1357258247353,294.0,11661.0,7,100.0,False,8,car
0 days 00:01:17.203000,0 days 00:53:57.280000,2024-08-31 14:42:55.049,5533.464244071083,-1496.0,-2787.0,296.578124,11157.2345704,7,100.0,False,8,pos
0 days 00:01:17.358000,0 days 00:53:57.435000,2024-08-31 14:42:55.204,5546.337855182194,-1493.4239243218244,-2661.118830116082,299.0,10684.0,7,100.0,False,8,car
0 days 00:01:17.423000,0 days 00:53:57.500000,2024-08-31 14:42:55.269,5551.748202392861,-1492.0,-2605.0,299.64999936,10710.97497344,7,100.0,False,8,pos
0 days 00:01:17.703000,0 days 00:53:57.780000,2024-08-31 14:42:55.549,5575.272091231972,-1484.0,-2375.0,302.44999936,10827.17497344,7,100.0,False,8,pos
0 days 00:01:17.758000,0 days 00:53:57.835000,2024-08-31 14:42:55.604,5579.901257898638,-1482.2608086794396,-2330.1350660290454,303.0,10850.0,8,100.0,False,8,car
0 days 00:01:17.963000,0 days 00:53:58.040000,2024-08-31 14:42:55.809,5597.300980791361,-1475.0,-2156.0,305.5561093356384,10927.705723803407,8,100.0,False,8,pos
0 days 00:01:18.159000,0 days 00:53:58.236000,2024-08-31 14:42:56.005,5614.069869680251,-1465.5078932828371,-1963.2882526744852,308.0,11002.0,8,100.0,False,8,car
0 days 00:01:18.203000,0 days 00:53:58.280000,2024-08-31 14:42:56.049,5617.8410363469175,-1463.0,-1917.0,308.55,11009.15,8,100.0,False,8,pos
0 days 00:01:18.399000,0 days 00:53:58.476000,2024-08-31 14:42:56.245,5634.773258569139,-1450.1191851773142,-1698.9659354523778,311.0,11041.0,8,100.0,False,8,car
0 days 00:01:18.622000,0 days 00:53:58.699000,2024-08-31 14:42:56.468,5654.153094250324,-1435.0,-1468.0,312.85833386666667,11096.750016,8,100.0,False,8,pos
0 days 00:01:18.759000,0 days 00:53:58.836000,2024-08-31 14:42:56.605,5666.102538694769,-1427.2058046576826,-1359.2369218747035,314.0,11131.0,8,100.0,False,8,car
0 days 00:01:19.022000,0 days 00:53:59.099000,2024-08-31 14:42:56.868,5689.172985065032,-1414.0,-1187.0,315.79318225454546,11208.106836945455,8,100.0,False,8,pos
0 days 00:01:19.199000,0 days 00:53:59.276000,2024-08-31 14:42:57.045,5704.758818398364,-1404.723655577324,-1059.2704834018675,317.0,11260.0,8,100.0,False,8,car
0 days 00:01:19.282000,0 days 00:53:59.359000,2024-08-31 14:42:57.128,5712.067429509475,-1400.0,-997.0,317.0,11259.4812496,8,100.0,False,8,pos
0 days 00:01:19.359000,0 days 00:53:59.436000,2024-08-31 14:42:57.205,5718.847707287253,-1395.3214781905122,-938.407535778098,317.0,11259.0,8,100.0,False,8,car
0 days 00:01:19.502000,0 days 00:53:59.579000,2024-08-31 14:42:57.348,5731.486987401031,-1386.0,-825.0,318.1916672,11278.6625088,8,100.0,False,8,pos
0 days 00:01:19.599000,0 days 00:53:59.676000,2024-08-31 14:42:57.445,5740.082265178809,-1379.3479809269377,-741.8787745048763,319.0,11292.0,8,100.0,False,10,car
0 days 00:01:19.662000,0 days 00:53:59.739000,2024-08-31 14:42:57.508,5745.669358933476,-1374.888529559939,-685.141774177166,319.2625002666667,11302.500010666667,8,100.0,False,10,interpolation
