step,car_index,x,y,speed,speed_kph,distance_travelled,total_reward,lap_count,next_goal_idx,progress_delta,checkpoints_reached,checkpoint_streak,heading_error_norm,goal_distance_norm,lateral_offset_norm,no_progress_steps,reverse_speed_steps,reverse_progress_events,heading_away_steps,wall_hugging_steps,done,collided,terminated_reason
1,0,1500.8369858887306,870.0078204728842,0.20899887161375516,0.7523959378095186,0.16315102577209473,0.015097925439476967,0,1,0,0,0,-0.000932485805468117,-0.8856444382912767,-0.9403519722695705,0,0,0,0,0,False,False,
1,1,1501.0775261573706,869.9963441095389,-0.09939170782956126,-0.35781014818642054,0.0776011049747467,-0.0020682760514318943,0,1,0,0,0,-0.00040903375923575266,-0.8850024331036941,-0.9404895075549287,1,0,0,0,0,False,False,
1,2,1500.8008259855071,870.0095895036227,0.255361254157464,0.9193005149668705,0.1994490772485733,0.016039682552218437,0,1,0,0,0,-0.0010430738957479789,-0.8857412328718312,-0.9403893487072126,0,0,0,0,0,False,False,
1,3,1501.1075337923069,869.9951021669743,-0.13785245897500004,-0.4962688523100001,0.10765473544597626,0.010888776741921902,0,1,0,0,0,0.0006110966589637377,-0.884922290214303,-0.9406358688250838,0,0,0,0,0,False,False,
1,4,1500.8223396651513,870.008158031948,0.22775473339100338,0.8199170402076122,0.1778005063533783,0.01758747547864914,0,1,0,0,0,0.0003775276251158428,-0.8856835039810703,-0.9404112671650039,0,0,0,0,0,False,False,
1,5,1500.754317579364,870.0111927166868,0.31495162239999996,1.13382584064,0.24598126113414764,0.017674703150987625,0,1,0,0,0,0.0006098886453442118,-0.8858653189897028,-0.940520852307414,0,0,0,0,0,False,False,
1,6,1500.9208855638146,870.0037359040599,0.1014282550811225,0.365141718292041,0.07918913662433624,0.014316992834210396,0,1,0,0,0,-0.00045159312922938476,-0.8854205403254455,-0.9402569982412635,0,0,0,0,0,False,False,
1,7,1501.1075309060323,869.9950392032791,-0.13785245897500004,-0.4962688523100001,0.1076575219631195,0.013654276728630066,0,1,0,0,0,0.00023923447630649105,-0.8849222826525601,-0.9406431868885915,0,0,0,0,0,False,False,
2,0,1500.8139533669018,870.0089286236018,0.029529977063891186,0.10630791743000827,0.18624845147132874,0.01484596449881792,0,1,0,0,0,-0.001020662365485868,-0.8857060314057505,-0.9403820449367977,1,0,0,0,0,False,False,
2,1,1501.167545763196,869.9920332049842,-0.1154128240077619,-0.41548616642794284,0.1677931547164917,0.011539276689291,0,1,0,0,0,-0.000871654866105271,-0.8847619212525595,-0.9410090900639794,0,0,0,0,0,False,False,
2,2,1500.4942504873354,870.0250694126404,0.39310621408840013,1.4151823707182405,0.5063594579696655,0.033404573798179626,0,1,0,0,0,-0.0025520145454597317,-0.8865596536754663,-0.9406678174607395,0,0,0,0,0,False,False,
2,3,1501.320908734458,869.9860523503293,-0.27349741384103204,-0.9845906898277154,0.32122737169265747,0.021844837814569473,0,1,0,0,0,0.0025903544354507506,-0.8843527675032508,-0.9417262602877394,0,0,0,0,0,False,False,
2,4,1500.6428555050863,870.0160429723074,0.23007230857214253,0.8282603108597131,0.35753846168518066,0.03393279016017914,0,1,0,0,0,0.001647800431268504,-0.8861628035179936,-0.940718958146737,0,0,0,0,0,False,False,
2,5,1500.5875737932959,870.0187533702075,0.21375446544149954,0.7695160755893984,0.41290098428726196,0.034672949463129044,0,1,0,0,0,0.0007491128834415248,-0.8863104379453083,-0.9407774026031496,0,0,0,0,0,False,False,
2,6,1500.5974653342319,870.0196059955645,0.41467604705151945,1.49283376938547,0.403064489364624,0.029733235016465187,0,1,0,0,0,-0.0016376580490480642,-0.8862842050839471,-0.940608522565306,0,0,0,0,0,False,False,
2,7,1501.1363351085697,869.9937143763975,-0.03692617165354783,-0.1329342179527722,0.1364973932504654,0.015535488724708557,0,1,0,0,0,0.000327872528355518,-0.8848453763323529,-0.9408041842857622,1,0,0,0,0,False,False,
3,0,1500.8139533669018,870.0089286236018,0.0,0.0,0.18624845147132874,0.015588905662298203,0,1,0,0,0,-0.001020662365485868,-0.8857060314057505,-0.9403820449367977,2,0,0,0,0,False,False,
3,1,1501.3636240333797,869.9820989902,-0.25142339835418925,-0.9051242340750814,0.3640872836112976,0.01980101317167282,0,1,0,0,0,-0.0026233915422096744,-0.8842384742746006,-0.9421946163522358,0,0,0,0,0,False,False,
3,2,1499.9476412863016,870.0568034098587,0.7011761726883224,2.5242342216779607,1.0539109706878662,0.04782020300626755,0,1,0,0,0,-0.0074486008925747325,-0.8880196921864777,-0.9406751212311544,0,0,0,0,0,False,False,
3,3,1501.4730554215569,869.980024275289,-0.19499462784760443,-0.701980660251376,0.47344455122947693,0.033793069422245026,0,1,0,0,0,0.004349263478255554,-0.8839468653734814,-0.9424434305114995,0,0,0,0,0,False,False,
3,4,1500.220626541035,870.0317363535295,0.5410872983467712,1.9479142740483761,0.7800709009170532,0.05334710329771042,0,1,0,0,0,0.006005851340905287,-0.8872895069449108,-0.9417743779846122,0,0,0,0,0,False,False,
3,5,1500.4230337584463,870.0262843146712,0.21093349480599694,0.759360581301589,0.5776257514953613,0.05254456773400307,0,1,0,0,0,0.00047930676297072396,-0.8867497038550386,-0.941019341784782,0,0,0,0,0,False,False,
3,6,1500.1381210805162,870.0430392108011,0.5890093923129691,2.120433812326689,0.8630126118659973,0.049395494163036346,0,1,0,0,0,-0.0029041253818279404,-0.8875107207439124,-0.9409974233269907,0,0,0,0,0,False,False,
3,7,1501.0511955345487,869.9976968819105,0.10915047250498194,0.392941701017935,0.22179478406906128,0.032713815569877625,0,1,0,0,0,-0.00016894412613466,-0.885072836037924,-0.940328510157758,0,0,0,0,0,False,False,
4,0,1500.568291825551,870.0205706087224,0.31495162239999996,1.13382584064,0.43225234746932983,0.033080507069826126,0,1,0,0,0,-0.0005654434349736448,-0.886362041555667,-0.9406970396889457,0,0,0,0,0,False,False,
4,1,1501.6639292090758,869.9652579705715,-0.38518042142578135,-1.3866495171328128,0.6648523807525635,0.027432773262262344,0,1,0,0,0,-0.006019199875716986,-0.883436470244351,-0.9442144018803764,0,1,0,0,0,False,False,
4,2,1499.7015798474565,870.0721704061451,0.31572457155872413,1.1366084576114068,1.3004810810089111,0.06595011055469513,0,1,0,0,0,-0.010296619447051273,-0.8886771291396935,-0.9405500745356202,0,0,0,0,0,False,False,
4,3,1501.4239758259423,869.9820141641912,0.06290384320338663,0.22645383553219187,0.5225556492805481,0.036221254616975784,0,1,0,0,0,0.003766776566166325,-0.8840778254557847,-0.9422092524792512,1,0,0,0,0,False,False,
4,4,1499.5600319827836,870.0521375594019,0.8463725038056612,3.0469410137003803,1.4409078359603882,0.07057194411754608,0,1,0,0,0,0.01016133260702582,-0.8890515173441574,-0.9439299085882392,0,0,0,0,0,False,False,
4,5,1500.0155801803965,870.0440082577678,0.5222857496589963,1.8802286987723869,0.985358715057373,0.06861244142055511,0,1,0,0,0,0.0019407233718819977,-0.8878369867163806,-0.9417378519859909,0,0,0,0,0,False,False,
4,6,1500.0238679928354,870.0488097936294,0.1465010439039582,0.5274037580542495,0.9772955179214478,0.06517098844051361,0,1,0,0,0,-0.0025894089235849707,-0.8878154723362525,-0.9410997046989857,0,0,0,0,0,False,False,
4,7,1501.0511955345487,869.9976968819105,0.0,0.0,0.22179478406906128,0.027374565601348877,0,1,0,0,0,-0.00016894412613466,-0.885072836037924,-0.940328510157758,1,0,0,0,0,False,False,
5,0,1500.568291825551,870.0205706087224,0.0,0.0,0.43225234746932983,0.03548392280936241,0,1,0,0,0,-0.0005654434349736448,-0.886362041555667,-0.9406970396889457,1,0,0,0,0,False,False,
5,1,1501.7653916891047,869.9593568735323,-0.13015423626784106,-0.4685552505642278,0.766465425491333,0.04211602360010147,0,1,0,0,0,-0.007322186827150921,-0.8831655207117424,-0.9449242540406287,0,0,0,0,0,False,False,
5,2,1499.2143397590212,870.1029042268228,0.6252084222559771,2.2507503201215173,1.788633942604065,0.07507458329200745,0,1,0,0,0,-0.010820259966336544,-0.8899786827894065,-0.9402569982412635,0,0,0,0,0,False,False,
5,3,1501.4239758259423,869.9820141641912,0.0,0.0,0.5225556492805481,0.034843116998672485,0,1,0,0,0,0.003766776566166325,-0.8840778254557847,-0.9422092524792512,2,0,0,0,0,False,False,
5,4,1498.7978614451515,870.0669808125944,0.9762342602188258,3.5144433367877728,2.203259229660034,0.0880563035607338,0,1,0,0,0,0.01774457402661622,-0.8910836781002784,-0.9474631611255776,0,0,0,0,0,False,False,
5,5,1499.939954796147,870.0472431871997,0.0969357788565885,0.3489688038837186,1.0611114501953125,0.07152599841356277,0,1,0,0,0,0.0024048863022279143,-0.8880389924368168,-0.9418766593566072,1,0,0,0,0,False,False,
5,6,1500.0238679928354,870.0488097936294,0.0,0.0,0.9772955179214478,0.06426723301410675,0,1,0,0,0,-0.0025894089235849707,-0.8878154723362525,-0.9410997046989857,1,0,0,0,0,False,False,
5,7,1501.1358355533769,869.9937230177612,-0.10851091651049573,-0.39063929943778464,0.30660441517829895,0.03664194792509079,0,1,0,0,0,-0.000279063569091578,-0.88484667700961,-0.9408041842857622,0,0,0,0,0,False,False,
6,0,1500.498915996191,870.0238968695204,0.08894598168702272,0.32020553407328184,0.5016695261001587,0.02795735001564026,0,1,0,0,0,-0.0009200680852356097,-0.8865471536270586,-0.9407774026031496,2,0,0,0,0,False,False,
6,1,1501.7512095502152,869.9601785926648,0.01819236002167535,0.06549249607803126,0.780651330947876,0.04244197532534599,0,1,0,0,0,-0.007185444713451261,-0.8832033462781674,-0.9448218011515201,1,0,0,0,0,False,False,
6,2,1498.6318788793922,870.1376124100117,0.7472329165686813,2.690038499647253,2.372187852859497,0.09282161295413971,0,1,0,0,0,-0.008731499322207192,-0.8915346815003073,-0.9401547168692684,0,0,0,0,0,False,False,
6,3,1501.1967596456084,869.9915957528724,0.29123569482178563,1.0484485013584284,0.7499305009841919,0.05056193470954895,0,1,0,0,0,0.00274813816823338,-0.8846841528404529,-0.9410603165085336,0,0,0,0,0,False,False,
6,4,1498.3685877850648,870.0741363112442,0.549811871266373,1.9793227365589428,2.632640838623047,0.10335811227560043,0,1,0,0,0,0.019737170341111072,-0.8922281552349991,-0.9495886190619774,0,0,0,0,0,False,False,
6,5,1499.6729702451908,870.058141035897,0.34218988808381323,1.2318835971017277,1.3283026218414307,0.08902255445718765,0,1,0,0,0,0.003671794904853856,-0.8887514910369239,-0.9424271363857205,0,0,0,0,0,False,False,
6,6,1500.057214822032,870.0471263906527,-0.04275892359132323,-0.15393212492876363,1.010664463043213,0.0646512359380722,0,1,0,0,0,-0.0025708578358265614,-0.8877264894134691,-0.9410704824707795,2,0,0,0,0,False,False,
6,7,1501.3266404214278,869.9844992734124,-0.24463345566075542,-0.8806804403787195,0.4976227879524231,0.046997182071208954,0,1,0,0,0,-0.0011576175001992953,-0.8843372955190133,-0.9419092118754333,0,0,0,0,0,False,False,
7,0,1500.31227902232,870.032809545557,0.23928300797207872,0.8614188286994834,0.6885276436805725,0.033883508294820786,0,1,0,0,0,-0.0008019565022313675,-0.8870454415375532,-0.9410047306706788,0,0,0,0,0,False,False,
7,1,1501.7512095502152,869.9601785926648,0.0,0.0,0.780651330947876,0.044510237872600555,0,1,0,0,0,-0.007185444713451261,-0.8832033462781674,-0.9448218011515201,2,0,0,0,0,False,False,
7,2,1497.814829943803,870.1898254154927,1.0484617408523171,3.774462267068342,3.1908693313598633,0.10551653057336807,0,1,0,0,0,-0.011703549191354214,-0.893717471939409,-0.939596932496467,0,0,0,0,0,False,False,
7,3,1500.774425595251,870.009434785929,0.541330777816126,1.9487908001380538,1.1726722717285156,0.06750421971082687,0,1,0,0,0,0.002729916757219068,-0.8858114542862556,-0.9405866041075147,0,0,0,0,0,False,False,
7,4,1497.7339770023857,870.083076152811,0.8127745197712025,2.925988271176329,3.2672247886657715,0.12265590578317642,0,1,0,0,0,0.021721798221728112,-0.8939194074260854,-0.952938376874096,0,0,0,0,0,False,False,
7,5,1499.6729702451908,870.058141035897,0.0,0.0,1.3283026218414307,0.09131619334220886,0,1,0,0,0,0.003671794904853856,-0.8887514910369239,-0.9424271363857205,1,0,0,0,0,False,False,
7,6,1499.8443696333113,870.0574862106789,0.272896025187289,0.9824256906742405,1.2238078117370605,0.07583247870206833,0,1,0,0,0,-0.0014297255564915505,-0.8882948701163667,-0.9413124180791387,0,0,0,0,0,False,False,
7,7,1501.5809192201348,869.9724996811087,-0.3259963496967549,-1.1735868589083176,0.7521793842315674,0.05014973133802414,0,1,0,0,0,-0.00042397208426305297,-0.8836584781354945,-0.9433508703864613,0,0,0,0,0,False,False,
8,0,1500.31227902232,870.032809545557,0.0,0.0,0.6885276436805725,0.035777751356363297,0,1,0,0,0,-0.0008019565022313675,-0.8870454415375532,-0.9410047306706788,1,0,0,0,0,False,False,
8,1,1501.5056214308615,869.9732783769678,0.31495162239999996,1.13382584064,1.0266038179397583,0.061486002057790756,0,1,0,0,0,-0.004289582106771819,-0.8838592055916858,-0.9432557355608604,0,0,0,0,0,False,False,
8,2,1497.4098087663172,870.2171621635565,0.5198574235061425,1.871486724622113,3.596820592880249,0.12066395580768585,0,1,0,0,0,-0.014123280825469604,-0.8947997445415815,-0.9391431339469758,0,0,0,0,0,False,False,
8,3,1500.457024139226,870.0224969980463,0.4068140217980153,1.464530478472855,1.490323781967163,0.08653052151203156,0,1,0,0,0,0.0034453603807087854,-0.8866585125470747,-0.9412320551649349,0,0,0,0,0,False,False,
8,4,1497.5089758146564,870.0865559004134,0.2881749902292562,1.0374299648253222,3.49222731590271,0.13817383348941803,0,1,0,0,0,0.020963066826991256,-0.8945190905944063,-0.9540896247525723,0,0,0,0,0,False,False,
8,5,1499.4272537100398,870.0685579965822,0.31495162239999996,1.13382584064,1.5742491483688354,0.10380370169878006,0,1,0,0,0,0.0026867225330808727,-0.8894073421103069,-0.942889096291194,0,0,0,0,0,False,False,
8,6,1499.4139629397268,870.0791424269607,0.5518837574682048,1.9867815268855376,1.6547727584838867,0.08058033138513565,0,1,0,0,0,-0.002498798786822931,-0.8894441011135309,-0.9417159335281996,0,0,0,0,0,False,False,
8,7,1501.7436818989256,869.9647472406272,-0.20867308999423842,-0.7512231239792583,0.915083646774292,0.056176744401454926,0,1,0,0,0,-0.0007005969470033809,-0.883224067069752,-0.9442802644519462,0,0,0,0,0,False,False,
9,0,1500.4196122136468,870.0277645904634,-0.13760454951165976,-0.49537637824197517,0.7959469556808472,0.042152903974056244,0,1,0,0,0,-0.0003235602694669776,-0.8867589900753745,-0.9408650728610415,0,0,0,0,0,False,False,
9,1,1501.2061998133083,869.9890945145281,0.38397923313564103,1.3823252392883076,1.326459288597107,0.0725717693567276,0,1,0,0,0,-0.003987959514936771,-0.8846588047207959,-0.9413603571123516,0,0,0,0,0,False,False,
9,2,1496.7665487840225,870.2594538502177,0.8255486661956142,2.9719751983042113,4.241398334503174,0.13640840351581573,0,1,0,0,0,-0.013231252595735694,-0.8965182528298179,-0.938556123772695,0,0,0,0,0,False,False,
9,3,1500.04369147114,870.0399571511231,0.5297932404419452,1.9072556655910027,1.9040223360061646,0.10337232798337936,0,1,0,0,0,0.002780551476727864,-0.8877616981402486,-0.9420236245099327,0,0,0,0,0,False,False,
9,4,1497.234043985728,870.0905267075244,0.352119322751682,1.2676295619060554,3.767280340194702,0.15142689645290375,0,1,0,0,0,0.02176531516422118,-0.8952521392429456,-0.9555266451549903,0,0,0,0,0,False,False,
9,5,1499.4272537100398,870.0685579965822,0.0,0.0,1.5742491483688354,0.0998639389872551,0,1,0,0,0,0.0026867225330808727,-0.8894073421103069,-0.942889096291194,1,0,0,0,0,False,False,
9,6,1499.1935168588957,870.0903849655609,0.2826740706282985,1.0176266542618748,1.8755176067352295,0.09249185025691986,0,1,0,0,0,-0.002948212533725483,-0.8900327479138183,-0.9419067320238345,0,0,0,0,0,False,False,
9,7,1501.9742352740552,869.9536083792731,-0.2955951504440266,-1.064142541598496,1.1459418535232544,0.06601923704147339,0,1,0,0,0,-0.0011290901300820147,-0.8826084459459116,-0.9456121520103578,0,0,0,0,0,False,False,
10,0,1500.2795511908678,870.0346113383195,0.1795788248743385,0.6464837695476185,0.9361283779144287,0.05823669582605362,0,1,0,0,0,-0.0015233774109563885,-0.8871328061946582,-0.941019341784782,0,0,0,0,0,False,False,
10,1,1500.6663045274888,870.0153638028751,0.6922174679763894,2.491982884715002,1.8670167922973633,0.08632857352495193,0,1,0,0,0,-0.0013601204035344002,-0.8861002878389395,-0.940631287888845,0,0,0,0,0,False,False,
10,2,1496.5321964200364,870.2745639801577,0.3007389857182083,1.08266034858555,4.476257801055908,0.15367764234542847,0,1,0,0,0,-0.012501382690117187,-0.8971444262824316,-0.938380783256911,0,0,0,0,0,False,False,
10,3,1499.8034214983725,870.0501809911341,0.3079724455219925,1.108700803879173,2.14447283744812,0.12060759961605072,0,1,0,0,0,0.0025994244022737372,-0.88840289387224,-0.942470973301303,0,0,0,0,0,False,False,
10,4,1496.7634226292414,870.0961494721181,0.6027291150186536,2.169824814067153,4.2378950119018555,0.1693611443042755,0,1,0,0,0,0.02363686344406233,-0.8965062561450388,-0.9581286741109668,0,0,0,0,0,False,False,
10,5,1499.1815654635236,870.0796220934847,0.31495162239999996,1.13382584064,1.8202276229858398,0.1150125190615654,0,1,0,0,0,0.0010153506932886734,-0.8900632841040481,-0.943269846416716,0,0,0,0,0,False,False,
10,6,1498.9656391933142,870.1016404106336,0.29217995525693347,1.0518478389249606,2.1035776138305664,0.10592157393693924,0,1,0,0,0,-0.0019384277938807295,-0.8906409049644128,-0.9421413638617787,0,0,0,0,0,False,False,
10,7,1501.9554868868388,869.95451106788,0.024037332155657166,0.0865343957603658,1.1647629737854004,0.06717086583375931,0,1,0,0,0,-0.0010242087492119683,-0.8826586354516909,-0.9455023810577414,1,0,0,0,0,False,False,
11,0,1499.8963518749774,870.0557756156123,0.49147977303254725,1.7693271829171702,1.3198919296264648,0.0752406120300293,0,1,0,0,0,-0.005603759340125218,-0.8881561360728825,-0.941151692250731,0,0,0,0,0,False,False,
11,1,1500.5200108375582,870.0222219036937,0.18755205508945763,0.6751873983220474,2.0134167671203613,0.10470585525035858,0,1,0,0,0,-0.00023175117614092263,-0.8864906876118221,-0.9408285432891471,0,0,0,0,0,False,False,
11,2,1496.524634119454,870.2750508896702,0.009704470140909251,0.0349360925072733,4.483841896057129,0.15491239726543427,0,1,0,0,0,-0.012446984943260493,-0.8971646466172801,-0.9383734794864961,1,0,0,0,0,False,False,
11,3,1499.8034214983725,870.0501809911341,0.0,0.0,2.14447283744812,0.12295747548341751,0,1,0,0,0,0.0025994244022737372,-0.88840289387224,-0.942470973301303,1,0,0,0,0,False,False,
11,4,1496.1510234143514,870.1018127633694,0.784282889438842,2.823418401979831,4.850347995758057,0.18865735828876495,0,1,0,0,0,0.025761648200546005,-0.8981381497284092,-0.9617130673343027,0,0,0,0,0,False,False,
11,5,1498.758815420424,870.098208684721,0.5419042368972572,1.950855252830126,2.243364095687866,0.12703047692775726,0,1,0,0,0,0.0017114280400265772,-0.8911916438532729,-0.9439956603883399,0,0,0,0,0,False,False,
11,6,1498.4959529987539,870.1226198276863,0.6020882417014375,2.167517670125175,2.573773145675659,0.12256378680467606,0,1,0,0,0,0.0010754430403570345,-0.8918947581300989,-0.942903707405297,0,0,0,0,0,False,False,
11,7,1501.9554868868388,869.95451106788,0.0,0.0,1.1647629737854004,0.06842222809791565,0,1,0,0,0,-0.0010242087492119683,-0.8826586354516909,-0.9455023810577414,2,0,0,0,0,False,False,
12,0,1499.460187078904,870.0821075341435,0.5595773874981318,2.0144785949932746,1.756841778755188,0.09280131757259369,0,1,0,0,0,-0.00895867650712287,-0.8893212223454933,-0.9410412602425732,0,0,0,0,0,False,False,
12,1,1500.5200108375582,870.0222219036937,0.0,0.0,2.0134167671203613,0.10703824460506439,0,1,0,0,0,-0.00023175117614092263,-0.8864906876118221,-0.9408285432891471,1,0,0,0,0,False,False,
12,2,1496.2717205648207,870.2905757085074,0.32449523222595705,1.1681828360134454,4.737249851226807,0.17247585952281952,0,1,0,0,0,-0.010613412456651695,-0.8978403065639671,-0.93827034767548,0,0,0,0,0,False,False,
12,3,1499.6630585797416,870.0559610788259,0.1799035995389625,0.647652958340265,2.284973382949829,0.13771745562553406,0,1,0,0,0,0.0034826858504304584,-0.8887775566872939,-0.9427567458252448,0,0,0,0,0,False,False,
12,4,1495.303973776686,870.1061078213451,1.08476081646459,3.9051389392725246,5.697404861450195,0.20906689763069153,0,1,0,0,0,0.029065420463860254,-0.9003946632098128,-0.9670941594935352,0,0,0,0,0,False,False,
12,5,1498.287364991061,870.1204213064688,0.6044175766894252,2.1759032760819306,2.715322971343994,0.13999909162521362,0,1,0,0,0,-0.00029297384828118485,-0.8924502003800279,-0.9446110387785329,0,0,0,0,0,False,False,
12,6,1498.2615614832184,870.1327777092728,0.30044769581628333,1.08161170493862,2.8083670139312744,0.1394442319869995,0,1,0,0,0,0.0019318585481711479,-0.8925203387743877,-0.9433209835294403,0,0,0,0,0,False,False,
12,7,1501.8154045402734,869.9611357428834,0.17959244110197484,0.6465327879671094,1.304932713508606,0.0869675725698471,0,1,0,0,0,-0.00048145086108490885,-0.8830324213464428,-0.9447120301989038,0,0,0,0,0,False,False,
13,0,1499.289297596944,870.0927841616452,0.21927081472694968,0.7893749330170189,1.9280736446380615,0.11025069653987885,0,1,0,0,0,-0.010336622337040227,-0.8897777806300416,-0.9409535899846813,0,0,0,0,1,False,False,
13,1,1500.5839956978384,870.019228132508,-0.0820297952291295,-0.2953072628248662,2.077451467514038,0.09942415356636047,0,1,0,0,0,-0.00017419171987537792,-0.8863199283573515,-0.9407481803749432,2,0,0,0,1,False,False,
13,2,1496.2070699017265,870.2944748941646,0.08294323439367941,0.2985956438172459,4.802064895629883,0.1726439893245697,0,1,0,0,0,-0.009950198417295534,-0.8980131255326367,-0.9382557401346501,1,0,0,0,1,False,False,
13,3,1499.6630585797416,870.0559610788259,0.0,0.0,2.284973382949829,0.1379845291376114,0,1,0,0,0,0.0034826858504304584,-0.8887775566872939,-0.9427567458252448,1,0,0,0,1,False,False,
13,4,1494.6350610524498,870.1076023471107,0.8566237015613555,3.0838453256208798,6.366352081298828,0.22873252630233765,0,1,0,0,0,0.031433256113884846,-0.9021763909636938,-0.9715650925169027,0,0,0,0,1,False,False,
13,5,1497.7060711865802,870.1461651574291,0.7451448849899933,2.682521585963976,3.297192096710205,0.15348941087722778,0,1,0,0,0,0.0015256586417343163,-0.8940018472141448,-0.9455787955050624,0,0,0,0,1,False,False,
13,6,1497.7855397992168,870.1539976361464,0.6102072471342924,2.1967460896834528,3.28491473197937,0.15742605924606323,0,1,0,0,0,0.0011571118650879144,-0.8937911309286565,-0.9440906344166469,0,0,0,0,1,False,False,
13,7,1501.5125609201286,869.9749172935612,0.38822830849694834,1.397621910589014,1.6081031560897827,0.10605187714099884,0,1,0,0,0,0.000656291764203666,-0.8838408753864215,-0.9430581478461509,0,0,0,0,1,False,False,
14,0,1498.8758513342648,870.1183299974858,0.530476367370557,1.9097149225340053,2.342315912246704,0.12056399136781693,0,1,0,0,0,-0.010000168491593324,-0.8908822907426248,-0.9407700952594613,0,0,0,0,2,False,False,
14,1,1500.514364335994,870.0225094935637,0.08927012192313642,0.32137243892329115,2.1471095085144043,0.09710217267274857,0,1,0,0,0,-0.0003885224316194227,-0.8865056832101892,-0.940835847059562,3,0,0,0,2,False,False,
14,2,1496.2070699017265,870.2944748941646,0.0,0.0,4.802064895629883,0.17011068761348724,0,1,0,0,0,-0.009950198417295534,-0.8980131255326367,-0.9382557401346501,2,0,0,0,2,False,False,
14,3,1499.5956050302225,870.05867436331,0.08645207379899061,0.3112274656763662,2.352531671524048,0.1405523270368576,0,1,0,0,0,0.004096808585021626,-0.8889577078520192,-0.942903707405297,2,0,0,0,2,False,False,
14,4,1493.7327017146008,870.1002046775408,1.155616292201,4.1602186519236,7.268725872039795,0.24530582129955292,0,1,0,0,0,0.03903398068697344,-0.9045783128057482,-0.9787274220589074,0,0,0,0,2,False,False,
14,5,1497.0297326522104,870.1788369500908,0.8671411809834529,3.1217082515404306,3.9742496013641357,0.16054987907409668,0,1,0,0,0,-0.0010454607989632651,-0.8958073313372376,-0.9463776650472021,0,0,0,0,2,False,False,
14,6,1497.0821536872338,870.1844502405099,0.9016126019922647,3.245805367172153,3.988943099975586,0.17506252229213715,0,1,0,0,0,0.0020079658877313654,-0.8956685304076935,-0.94533685632343,0,0,0,0,2,False,False,
14,7,1501.3685403890272,869.9814995275161,0.18462778459173607,0.6646600245302499,1.7522969245910645,0.12222132086753845,0,1,0,0,0,0.0005332297201221081,-0.88422539185461,-0.9422677969873133,0,0,0,0,2,False,False,
15,0,1498.593214216095,870.1355206798785,0.3626190096424266,1.3054284347127358,2.6254286766052246,0.13289475440979004,0,1,0,0,0,-0.009452886078798567,-0.8916371768711915,-0.9406824285748425,0,0,0,0,3,False,False,
15,1,1500.20027939897,870.0374042139367,0.40267479723146044,1.4496292700332576,2.4615492820739746,0.11437153816223145,0,1,0,0,0,-0.0005819701493660685,-0.8873441889614616,-0.9412393625086231,0,0,0,0,3,False,False,
15,2,1495.9615960168733,870.3095646447088,0.31495162239999996,1.13382584064,5.04801082611084,0.18132302165031433,0,1,0,0,0,-0.010755060693185846,-0.8986688888729678,-0.9381607625330699,0,0,0,0,3,False,False,
15,3,1499.2835344017776,870.0709956055614,0.3999545817910395,1.4398364944477422,2.6647868156433105,0.15535137057304382,0,1,0,0,0,0.004602960140862756,-0.8897903670181487,-0.9435994522829672,0,0,0,0,3,False,False,
15,4,1492.9557309828883,870.0839909832431,0.995219196366821,3.5827891069205555,8.045872688293457,0.2641681432723999,0,1,0,0,0,0.048142910578519604,-0.9066449064320498,-0.986079702337481,0,0,0,0,3,False,False,
15,5,1496.1209263025235,870.2332226548623,1.1659157078898998,4.1972965484036395,4.884688854217529,0.17753076553344727,0,1,0,0,0,-0.008567677178507437,-0.8982349543575681,-0.9461877169905881,0,0,0,0,3,False,False,
15,6,1496.2648502974469,870.2211809726933,1.0477097395986554,3.7717550625551595,4.8070292472839355,0.19416069984436035,0,1,0,0,0,0.000981737477544521,-0.8978500913701212,-0.9466269115725227,0,0,0,0,3,False,False,
15,7,1501.2416565302858,869.9874568126695,0.16266872720471592,0.5856074179369773,1.8792660236358643,0.1393185406923294,0,1,0,0,0,-0.0002593494376024334,-0.8845639762791524,-0.941557944827061,0,0,0,0,3,False,False,
16,0,1498.5517904737549,870.1380264503596,0.05314495062263093,0.19132182224147135,2.6670079231262207,0.13470906019210815,0,1,0,0,0,-0.009252095088889216,-0.8917480435653424,-0.9406678174607395,1,0,0,0,4,False,False,
16,1,1500.20027939897,870.0374042139367,0.0,0.0,2.4615492820739746,0.1145286038517952,0,1,0,0,0,-0.0005819701493660685,-0.8873441889614616,-0.9412393625086231,1,0,0,0,4,False,False,
16,2,1495.4749482844022,870.3402749486474,0.6244494496447341,2.248018018721043,5.535550594329834,0.1927947700023651,0,1,0,0,0,-0.011944373621165343,-0.8999687694799974,-0.9378749935824013,0,0,0,0,4,False,False,
16,3,1498.7310698362392,870.0896229616332,0.7078980100963449,2.5484328363468416,3.217590570449829,0.16961726546287537,0,1,0,0,0,0.008380688600434559,-0.8912643839379533,-0.9452199638373318,0,0,0,0,4,False,False,
16,4,1491.948148824608,870.0449654095166,1.2912951666868129,4.648662600072527,9.054195404052734,0.28393319249153137,0,1,0,0,0,0.06126662606865428,-0.9093216889315712,-0.9977568015951063,0,0,0,0,4,False,False,
16,5,1494.9847703787948,870.3096700297331,1.4582714624866493,5.249777264951938,6.023489952087402,0.1944621354341507,0,1,0,0,0,-0.013696023561665369,-0.9012710746955374,-0.9449414986570782,0,0,0,0,4,False,False,
16,6,1495.2252598470359,870.2788881528767,1.3333675930293014,4.800123334905485,5.848300933837891,0.2104811668395996,0,1,0,0,0,-0.0058886871443418285,-0.900626700713091,-0.9469573678777947,0,0,0,0,4,False,False,
16,7,1500.8713226024522,870.006205561574,0.47486361518348935,1.7095090146605616,2.2501041889190674,0.1570468544960022,0,1,0,0,0,-0.0026170814671552813,-0.8855528691041804,-0.9403008315835729,0,0,0,0,4,False,False,
17,0,1498.3296585032601,870.1511413940166,0.2849615368974385,1.0258615328307787,2.8894412517547607,0.1520453244447708,0,1,0,0,0,-0.008378425643438289,-0.8923411475592252,-0.9406458990029481,0,0,0,0,5,False,False,
17,1,1500.2096286619826,870.0369609870605,-0.011986279789768874,-0.04315060724316795,2.4708364009857178,0.1115308403968811,0,1,0,0,0,-0.0005725649384190648,-0.8873194231601524,-0.9412247513945199,2,0,0,0,5,False,False,
17,2,1494.9867806155885,870.3694380546074,0.6262707762620485,2.254574794543375,6.024580955505371,0.20927435159683228,0,1,0,0,0,-0.009939421463043472,-0.9012726926937756,-0.9377791655418003,0,0,0,0,5,False,False,
17,3,1497.9428306878447,870.114026261238,1.009916752897882,3.6357003104323757,4.006176471710205,0.18586835265159607,0,1,0,0,0,0.010334044491543182,-0.8933670087944034,-0.9477781558777256,0,0,0,0,5,False,False,
17,4,1490.714772641748,869.9940590877017,1.58082831890654,5.690981948063544,10.288643836975098,0.30002811551094055,0,1,0,0,0,0.06524678385110165,-0.9125969039441311,-0.9875605551888901,0,0,0,0,5,False,False,
17,5,1494.0071088304303,870.3707600939011,1.2544526629917372,4.516029586770254,7.003058433532715,0.21227189898490906,0,1,0,0,0,-0.01094262365720782,-0.903882880863539,-0.9444357018360221,0,0,0,0,5,False,False,
17,6,1494.0518147180317,870.353729576574,1.5057880611087509,5.420837019991503,7.0241498947143555,0.226491317152977,0,1,0,0,0,-0.011498251620815836,-0.9037618011333064,-0.946157644323361,0,0,0,0,5,False,False,
17,7,1500.262097836662,870.0403458855177,0.7814081707592925,2.813069414733453,2.86031174659729,0.17704182863235474,0,1,0,0,0,-0.006139866805520771,-0.8871800151367991,-0.9404551005073133,0,0,0,0,5,False,False,
18,0,1498.1955613740056,870.1589895816084,0.17202103301433858,0.6192757188516189,3.023827314376831,0.16981957852840424,0,1,0,0,0,-0.00807887942676536,-0.8926994810497075,-0.94063859165926,0,0,0,0,6,False,False,
18,1,1500.0029130984396,870.046660693817,0.2650149063700636,0.9540536629322289,2.6777262687683105,0.12702429294586182,0,1,0,0,0,-0.00026515790744130956,-0.887871129590751,-0.9415105239184617,0,0,0,0,6,False,False,
18,2,1494.3277324311352,870.4076451082951,0.8454059400828616,3.043461384298302,6.6847453117370605,0.22616451978683472,0,1,0,0,0,-0.008978590755365683,-0.9030329586337628,-0.9377864764587617,0,0,0,0,6,False,False,
18,3,1497.0907902548195,870.1330839967138,1.0914110819405407,3.9290798949859465,4.858439922332764,0.20339307188987732,0,1,0,0,0,0.016144307358139383,-0.8956389954407609,-0.9514283009011624,0,0,0,0,6,False,False,
18,4,1489.2618488585845,869.9127418726201,1.8635519771044784,6.708787117576122,11.74380111694336,0.31604382395744324,0,1,0,0,0,0.07803581710468721,-0.9164494806542346,-0.9677168452274163,0,0,0,0,6,False,False,
18,5,1493.1104514912452,870.4248720922815,1.1503644599078342,4.1413120556682035,7.901294231414795,0.2292899191379547,0,1,0,0,0,-0.009831513698677302,-0.9062778989484969,-0.9442010699980778,0,0,0,0,6,False,False,
18,6,1493.2011163223538,870.417739802225,1.0924991710863197,3.932997015910751,7.877137660980225,0.2415790557861328,0,1,0,0,0,-0.019215430621118735,-0.9060354261825563,-0.9444210907219189,0,0,0,0,6,False,False,
18,7,1499.4192030253928,870.0979579742858,1.081944598429534,3.895000554346322,3.705174207687378,0.19589084386825562,0,1,0,0,0,-0.014231439795522584,-0.8894324297272039,-0.9394289028976445,0,0,0,0,6,False,False,
19,0,1498.1955613740056,870.1589895816084,0.0,0.0,3.023827314376831,0.16815303266048431,0,1,0,0,0,-0.00807887942676536,-0.8926994810497075,-0.94063859165926,1,0,0,0,7,False,False,
19,1,1499.8209017575862,870.054855046173,0.2333230713666406,0.8399630569199061,2.859919548034668,0.13812296092510223,0,1,0,0,0,0.0009464577101637259,-0.8883569778977358,-0.9417889926719885,0,0,0,0,7,False,False,
19,2,1493.791460268562,870.440695977938,0.6880627363546701,2.4770258508768124,7.222015857696533,0.243739515542984,0,1,0,0,0,-0.01146776208864253,-0.9044654524392064,-0.9375664485883741,0,0,0,0,7,False,False,
19,3,1496.4963027958604,870.1468626137076,0.7615156974893584,2.7414565109616906,5.453082084655762,0.21829314529895782,0,1,0,0,0,0.015869684437265934,-0.8972242244282564,-0.9539134373710406,0,0,0,0,7,False,False,
19,4,1487.8629986571357,869.8398272706247,1.7938244528028482,6.457768030090254,13.144501686096191,0.32955440878868103,0,1,0,0,0,0.07912370144230244,-0.9201571650282738,-0.9492590096224531,0,0,0,0,7,False,False,
19,5,1492.5248754783777,870.4627765772864,0.7514684833367082,2.7052865400121497,8.488090515136719,0.24642954766750336,0,1,0,0,0,-0.01282417683585556,-0.9078423780259762,-0.9437391100926044,0,0,0,0,7,False,False,
19,6,1492.299357437465,870.4999165582778,1.159593688796449,4.174537279667216,8.782732963562012,0.2614029347896576,0,1,0,0,0,-0.030030512814699744,-0.9084477256190665,-0.9408577655173533,0,0,0,0,7,False,False,
19,7,1498.4889634065555,870.1669178098838,1.19455027032938,4.300380973185768,4.637903213500977,0.21323297917842865,0,1,0,0,0,-0.01830508813820523,-0.8919187015614954,-0.9376476690881452,0,0,0,0,7,False,False,
20,0,1498.2518702695872,870.1556783609,-0.07223474595377755,-0.26004508543359917,3.080198049545288,0.16049453616142273,0,1,0,0,0,-0.008244188608315363,-0.8925491709528336,-0.94063859165926,2,0,0,0,8,True,False,max_steps
20,1,1499.3962005141668,870.0711588785308,0.5442805995058605,1.9594101582210979,3.28491473197937,0.1571616679430008,0,1,0,0,0,0.005214312153226944,-0.8894902605860243,-0.9427932718238661,0,0,0,0,8,True,False,max_steps
20,2,1493.0840179526442,870.4897932122748,0.9081424129648774,3.2693126866735587,7.931239128112793,0.2636774182319641,0,1,0,0,0,-0.016724903856474307,-0.9063560732843576,-0.9366141569882418,0,0,0,0,8,True,False,max_steps
20,3,1496.270998159357,870.1518070457752,0.2885986058218563,1.0389549809586827,5.678478240966797,0.23223565518856049,0,1,0,0,0,0.016751428693800738,-0.8978250735406809,-0.9548884978679851,0,0,0,0,8,True,False,max_steps
20,4,1486.3786980360621,869.7856543138872,1.9020874210144578,6.847514715652048,14.629865646362305,0.35161375999450684,0,1,0,0,0,0.07279887588093553,-0.9240935390477611,-0.9324354498202101,0,0,0,0,8,True,False,max_steps
20,5,1492.1985025139184,870.4853354125592,0.4189562584270892,1.5082425303375213,8.815286636352539,0.26517254114151,0,1,0,0,0,-0.015755730294289883,-0.9087146353889524,-0.9433063724153371,0,0,0,0,8,True,False,max_steps
20,6,1491.3554756003607,870.6031412947492,1.2159587836278536,4.377451621060273,9.732207298278809,0.2798529863357544,0,1,0,0,0,-0.04270177125124898,-0.9109741216313005,-0.9350748623603751,0,0,0,0,8,True,False,max_steps
20,7,1497.4156852704511,870.2613403849479,1.3797678559662891,4.967164281478641,5.715412616729736,0.22962230443954468,0,1,0,0,0,-0.027799869838698203,-0.8947893942405438,-0.9338140257662155,0,0,0,0,8,True,False,max_steps
